,loss,base_loss,val_loss,val_base_loss,TrainType
0,1.4395900964736938,1.4395900964736938,1.2189997434616089,1.2189997434616089,Vanilla
1,1.01273775100708,1.01273775100708,1.155606746673584,1.155606746673584,Vanilla
2,0.852332592010498,0.852332592010498,1.0133819580078125,1.0133819580078125,Vanilla
3,0.7551392912864685,0.7551392912864685,1.0214165449142456,1.0214165449142456,Vanilla
4,0.6781998872756958,0.6781998872756958,0.9136408567428589,0.9136408567428589,Vanilla
5,0.6180734038352966,0.6180734038352966,0.8793862462043762,0.8793862462043762,Vanilla
6,0.5542861223220825,0.5542861223220825,0.9210334420204163,0.9210334420204163,Vanilla
7,0.5035144090652466,0.5035144090652466,0.8934942483901978,0.8934942483901978,Vanilla
8,0.4631894528865814,0.4631894528865814,0.876893162727356,0.876893162727356,Vanilla
9,0.42471814155578613,0.42471814155578613,0.9217389225959778,0.9217389225959778,Vanilla
10,1.4410114288330078,1.4410114288330078,,,Adversarial
11,0.5005661845207214,0.5005661845207214,0.9880357384681702,0.9880357384681702,Vanilla
12,0.39348042011260986,0.39348042011260986,0.8933224081993103,0.8933224081993103,Vanilla
13,0.3430745601654053,0.3430745601654053,0.9368957877159119,0.9368957877159119,Vanilla
14,0.3101573884487152,0.3101573884487152,1.0249254703521729,1.0249254703521729,Vanilla
15,0.27871134877204895,0.27871134877204895,1.0275548696517944,1.0275548696517944,Vanilla
16,0.2603830397129059,0.2603830397129059,1.096968412399292,1.096968412399292,Vanilla
17,0.23922261595726013,0.23922261595726013,1.116729974746704,1.116729974746704,Vanilla
18,0.21864131093025208,0.21864131093025208,1.1608495712280273,1.1608495712280273,Vanilla
19,0.20664086937904358,0.20664086937904358,1.3866910934448242,1.3866910934448242,Vanilla
20,0.19685235619544983,0.19685235619544983,1.3187220096588135,1.3187220096588135,Vanilla
21,1.5226683616638184,1.5226683616638184,,,Adversarial
22,0.3418121635913849,0.3418121635913849,1.0129598379135132,1.0129598379135132,Vanilla
23,0.19843819737434387,0.19843819737434387,1.2511624097824097,1.2511624097824097,Vanilla
24,0.17336437106132507,0.17336437106132507,1.2970315217971802,1.2970315217971802,Vanilla
25,0.16163472831249237,0.16163472831249237,1.3136011362075806,1.3136011362075806,Vanilla
26,0.15267905592918396,0.15267905592918396,1.47364342212677,1.47364342212677,Vanilla
27,0.14468616247177124,0.14468616247177124,1.4316999912261963,1.4316999912261963,Vanilla
28,0.13519185781478882,0.13519185781478882,1.4129036664962769,1.4129036664962769,Vanilla
29,0.13129396736621857,0.13129396736621857,1.4569573402404785,1.4569573402404785,Vanilla
30,0.12313438951969147,0.12313438951969147,1.4770747423171997,1.4770747423171997,Vanilla
31,0.1164536401629448,0.1164536401629448,1.5428229570388794,1.5428229570388794,Vanilla
32,1.632253885269165,1.632253885269165,,,Adversarial
33,0.3098553717136383,0.3098553717136383,1.133284091949463,1.133284091949463,Vanilla
34,0.1337224394083023,0.1337224394083023,1.352394938468933,1.352394938468933,Vanilla
35,0.11550673842430115,0.11550673842430115,1.4533036947250366,1.4533036947250366,Vanilla
36,0.11305849254131317,0.11305849254131317,1.5499751567840576,1.5499751567840576,Vanilla
37,0.10333789139986038,0.10333789139986038,1.614666223526001,1.614666223526001,Vanilla
38,0.10124175995588303,0.10124175995588303,1.615354299545288,1.615354299545288,Vanilla
39,0.09479076415300369,0.09479076415300369,1.6708199977874756,1.6708199977874756,Vanilla
40,0.0972617119550705,0.0972617119550705,1.7425509691238403,1.7425509691238403,Vanilla
41,0.09113886952400208,0.09113886952400208,1.6875457763671875,1.6875457763671875,Vanilla
42,0.0903380885720253,0.0903380885720253,1.7690609693527222,1.7690609693527222,Vanilla
43,1.6147173643112183,1.6147173643112183,,,Adversarial
44,0.2559029757976532,0.2559029757976532,1.320616602897644,1.320616602897644,Vanilla
45,0.09613924473524094,0.09613924473524094,1.516273856163025,1.516273856163025,Vanilla
46,0.0883696898818016,0.0883696898818016,1.5220853090286255,1.5220853090286255,Vanilla
47,0.08717692643404007,0.08717692643404007,1.6504665613174438,1.6504665613174438,Vanilla
48,0.07961128652095795,0.07961128652095795,1.7553656101226807,1.7553656101226807,Vanilla
49,0.0794200450181961,0.0794200450181961,1.8852953910827637,1.8852953910827637,Vanilla
50,0.07783672213554382,0.07783672213554382,1.7581030130386353,1.7581030130386353,Vanilla
51,0.07433154433965683,0.07433154433965683,1.78728449344635,1.78728449344635,Vanilla
52,0.07364729046821594,0.07364729046821594,1.9343054294586182,1.9343054294586182,Vanilla
53,0.07369842380285263,0.07369842380285263,1.804819107055664,1.804819107055664,Vanilla
54,1.578700304031372,1.578700304031372,,,Adversarial
55,0.21676523983478546,0.21676523983478546,1.3382563591003418,1.3382563591003418,Vanilla
56,0.07043632119894028,0.07043632119894028,1.5661345720291138,1.5661345720291138,Vanilla
57,0.07554268836975098,0.07554268836975098,1.7095105648040771,1.7095105648040771,Vanilla
58,0.06663471460342407,0.06663471460342407,1.7616260051727295,1.7616260051727295,Vanilla
59,0.06485050171613693,0.06485050171613693,1.8364261388778687,1.8364261388778687,Vanilla
60,0.06741788238286972,0.06741788238286972,1.9123138189315796,1.9123138189315796,Vanilla
61,0.06545126438140869,0.06545126438140869,1.9162182807922363,1.9162182807922363,Vanilla
62,0.06116398423910141,0.06116398423910141,2.0488319396972656,2.0488319396972656,Vanilla
63,0.06516317278146744,0.06516317278146744,1.9159176349639893,1.9159176349639893,Vanilla
64,0.05780739337205887,0.05780739337205887,1.9853551387786865,1.9853551387786865,Vanilla
65,1.5996818542480469,1.5996818542480469,,,Adversarial
66,0.18987314403057098,0.18987314403057098,1.3572710752487183,1.3572710752487183,Vanilla
67,0.06258084625005722,0.06258084625005722,1.6576792001724243,1.6576792001724243,Vanilla
68,0.06073963642120361,0.06073963642120361,1.7146625518798828,1.7146625518798828,Vanilla
69,0.0583513081073761,0.0583513081073761,1.8491088151931763,1.8491088151931763,Vanilla
70,0.05485895648598671,0.05485895648598671,1.9863388538360596,1.9863388538360596,Vanilla
71,0.05893230065703392,0.05893230065703392,1.953418254852295,1.953418254852295,Vanilla
72,0.05264969542622566,0.05264969542622566,2.1058456897735596,2.1058456897735596,Vanilla
73,0.05752772092819214,0.05752772092819214,1.994742512702942,1.994742512702942,Vanilla
74,0.05590948462486267,0.05590948462486267,2.140880584716797,2.140880584716797,Vanilla
75,0.05415917932987213,0.05415917932987213,2.0302605628967285,2.0302605628967285,Vanilla
76,1.5853623151779175,1.5853623151779175,,,Adversarial
77,0.17980334162712097,0.17980334162712097,1.4649169445037842,1.4649169445037842,Vanilla
78,0.051015790551900864,0.051015790551900864,1.6955596208572388,1.6955596208572388,Vanilla
79,0.05384301394224167,0.05384301394224167,1.7273426055908203,1.7273426055908203,Vanilla
80,0.052022844552993774,0.052022844552993774,1.9013168811798096,1.9013168811798096,Vanilla
81,0.05032355338335037,0.05032355338335037,2.0519020557403564,2.0519020557403564,Vanilla
82,0.053691573441028595,0.053691573441028595,2.054408073425293,2.054408073425293,Vanilla
83,0.04477371275424957,0.04477371275424957,2.0635697841644287,2.0635697841644287,Vanilla
84,0.04974973574280739,0.04974973574280739,2.059295177459717,2.059295177459717,Vanilla
85,0.05226651206612587,0.05226651206612587,2.133716583251953,2.133716583251953,Vanilla
86,0.043581362813711166,0.043581362813711166,2.1449124813079834,2.1449124813079834,Vanilla
87,1.563097357749939,1.563097357749939,,,Adversarial
88,0.1666611284017563,0.1666611284017563,1.4670060873031616,1.4670060873031616,Vanilla
89,0.046135470271110535,0.046135470271110535,1.8378396034240723,1.8378396034240723,Vanilla
90,0.048932995647192,0.048932995647192,1.947739839553833,1.947739839553833,Vanilla
91,0.04319964349269867,0.04319964349269867,1.9891324043273926,1.9891324043273926,Vanilla
92,0.046599745750427246,0.046599745750427246,2.0742878913879395,2.0742878913879395,Vanilla
93,0.0441632978618145,0.0441632978618145,2.2220046520233154,2.2220046520233154,Vanilla
94,0.04655183479189873,0.04655183479189873,2.0995569229125977,2.0995569229125977,Vanilla
95,0.04208243265748024,0.04208243265748024,2.2219700813293457,2.2219700813293457,Vanilla
96,0.04480007290840149,0.04480007290840149,2.1825103759765625,2.1825103759765625,Vanilla
97,0.04412021115422249,0.04412021115422249,2.266918182373047,2.266918182373047,Vanilla
98,1.5699206590652466,1.5699206590652466,,,Adversarial
99,0.17635177075862885,0.17635177075862885,1.573546051979065,1.573546051979065,Vanilla
100,0.04174827039241791,0.04174827039241791,1.8022223711013794,1.8022223711013794,Vanilla
101,0.04491041600704193,0.04491041600704193,1.88994300365448,1.88994300365448,Vanilla
102,0.040506184101104736,0.040506184101104736,1.995278239250183,1.995278239250183,Vanilla
103,0.042776308953762054,0.042776308953762054,2.0533506870269775,2.0533506870269775,Vanilla
104,0.04263941943645477,0.04263941943645477,2.2055160999298096,2.2055160999298096,Vanilla
105,0.03755001723766327,0.03755001723766327,2.223581314086914,2.223581314086914,Vanilla
106,0.047086410224437714,0.047086410224437714,2.285377025604248,2.285377025604248,Vanilla
107,0.03906628489494324,0.03906628489494324,2.19974684715271,2.19974684715271,Vanilla
108,0.03909881412982941,0.03909881412982941,2.1702773571014404,2.1702773571014404,Vanilla
109,1.5431976318359375,1.5431976318359375,,,Adversarial
110,0.14756423234939575,0.14756423234939575,1.5629816055297852,1.5629816055297852,Vanilla
111,0.03846576809883118,0.03846576809883118,1.8915014266967773,1.8915014266967773,Vanilla
112,0.03953305259346962,0.03953305259346962,1.9735833406448364,1.9735833406448364,Vanilla
113,0.035006243735551834,0.035006243735551834,2.081943988800049,2.081943988800049,Vanilla
114,0.03744133934378624,0.03744133934378624,2.073003053665161,2.073003053665161,Vanilla
115,0.037303924560546875,0.037303924560546875,2.2582030296325684,2.2582030296325684,Vanilla
116,0.04011178016662598,0.04011178016662598,2.26159930229187,2.26159930229187,Vanilla
117,0.036631107330322266,0.036631107330322266,2.3442928791046143,2.3442928791046143,Vanilla
118,0.03563804179430008,0.03563804179430008,2.4420933723449707,2.4420933723449707,Vanilla
119,0.04042188450694084,0.04042188450694084,2.391007661819458,2.391007661819458,Vanilla
120,1.5332398414611816,1.5332398414611816,,,Adversarial
121,0.14943863451480865,0.14943863451480865,1.5703226327896118,1.5703226327896118,Vanilla
122,0.035548578947782516,0.035548578947782516,1.8883553743362427,1.8883553743362427,Vanilla
123,0.03464040532708168,0.03464040532708168,2.0618836879730225,2.0618836879730225,Vanilla
124,0.0371127687394619,0.0371127687394619,2.0607964992523193,2.0607964992523193,Vanilla
125,0.033884428441524506,0.033884428441524506,2.2154643535614014,2.2154643535614014,Vanilla
126,0.035540010780096054,0.035540010780096054,2.2003116607666016,2.2003116607666016,Vanilla
127,0.03600103035569191,0.03600103035569191,2.26664400100708,2.26664400100708,Vanilla
128,0.03376778960227966,0.03376778960227966,2.2832212448120117,2.2832212448120117,Vanilla
129,0.03410310670733452,0.03410310670733452,2.3052783012390137,2.3052783012390137,Vanilla
130,0.03557182848453522,0.03557182848453522,2.337218999862671,2.337218999862671,Vanilla
131,1.523709774017334,1.523709774017334,,,Adversarial
132,0.152398020029068,0.152398020029068,1.6280683279037476,1.6280683279037476,Vanilla
133,0.029489638283848763,0.029489638283848763,1.8943337202072144,1.8943337202072144,Vanilla
134,0.034395407885313034,0.034395407885313034,2.0524842739105225,2.0524842739105225,Vanilla
135,0.03325451910495758,0.03325451910495758,2.136455535888672,2.136455535888672,Vanilla
136,0.03223184123635292,0.03223184123635292,2.175267457962036,2.175267457962036,Vanilla
137,0.03122701682150364,0.03122701682150364,2.277465581893921,2.277465581893921,Vanilla
138,0.03174661844968796,0.03174661844968796,2.436765432357788,2.436765432357788,Vanilla
139,0.037605516612529755,0.037605516612529755,2.3187503814697266,2.3187503814697266,Vanilla
140,0.028456488624215126,0.028456488624215126,2.522287130355835,2.522287130355835,Vanilla
141,0.03612031042575836,0.03612031042575836,2.4423539638519287,2.4423539638519287,Vanilla
142,1.5194319486618042,1.5194319486618042,,,Adversarial
143,0.13405300676822662,0.13405300676822662,1.7067830562591553,1.7067830562591553,Vanilla
144,0.029836203902959824,0.029836203902959824,1.9962246417999268,1.9962246417999268,Vanilla
145,0.031037073582410812,0.031037073582410812,2.16862416267395,2.16862416267395,Vanilla
146,0.029784029349684715,0.029784029349684715,2.1960866451263428,2.1960866451263428,Vanilla
147,0.030004888772964478,0.030004888772964478,2.365985870361328,2.365985870361328,Vanilla
148,0.03355810418725014,0.03355810418725014,2.3440299034118652,2.3440299034118652,Vanilla
149,0.03200328350067139,0.03200328350067139,2.357213258743286,2.357213258743286,Vanilla
150,0.032404836267232895,0.032404836267232895,2.3860862255096436,2.3860862255096436,Vanilla
151,0.032184671610593796,0.032184671610593796,2.343250274658203,2.343250274658203,Vanilla
152,0.03132971003651619,0.03132971003651619,2.442704916000366,2.442704916000366,Vanilla
153,1.508699655532837,1.508699655532837,,,Adversarial
154,0.12811751663684845,0.12811751663684845,1.5555068254470825,1.5555068254470825,Vanilla
155,0.02813892625272274,0.02813892625272274,1.9620373249053955,1.9620373249053955,Vanilla
156,0.0318167582154274,0.0318167582154274,1.9676477909088135,1.9676477909088135,Vanilla
157,0.026314662769436836,0.026314662769436836,2.260653257369995,2.260653257369995,Vanilla
158,0.02937561646103859,0.02937561646103859,2.2757668495178223,2.2757668495178223,Vanilla
159,0.033627960830926895,0.033627960830926895,2.347234010696411,2.347234010696411,Vanilla
160,0.027879703789949417,0.027879703789949417,2.3460335731506348,2.3460335731506348,Vanilla
161,0.030915820971131325,0.030915820971131325,2.3769874572753906,2.3769874572753906,Vanilla
162,0.02918916381895542,0.02918916381895542,2.5425126552581787,2.5425126552581787,Vanilla
163,0.0307785477489233,0.0307785477489233,2.456584930419922,2.456584930419922,Vanilla
164,1.4910205602645874,1.4910205602645874,,,Adversarial
165,0.12530794739723206,0.12530794739723206,1.6678142547607422,1.6678142547607422,Vanilla
166,0.024545878171920776,0.024545878171920776,2.0156686305999756,2.0156686305999756,Vanilla
167,0.028976330533623695,0.028976330533623695,2.1911537647247314,2.1911537647247314,Vanilla
168,0.02725379541516304,0.02725379541516304,2.2650415897369385,2.2650415897369385,Vanilla
169,0.027830379083752632,0.027830379083752632,2.4007911682128906,2.4007911682128906,Vanilla
170,0.029601899906992912,0.029601899906992912,2.327324628829956,2.327324628829956,Vanilla
171,0.025113027542829514,0.025113027542829514,2.459690570831299,2.459690570831299,Vanilla
172,0.031732186675071716,0.031732186675071716,2.5949251651763916,2.5949251651763916,Vanilla
173,0.028201820328831673,0.028201820328831673,2.447115421295166,2.447115421295166,Vanilla
174,0.024501359090209007,0.024501359090209007,2.6180343627929688,2.6180343627929688,Vanilla
175,1.4878875017166138,1.4878875017166138,,,Adversarial
176,0.12171594798564911,0.12171594798564911,1.698724389076233,1.698724389076233,Vanilla
177,0.020165296271443367,0.020165296271443367,2.1380975246429443,2.1380975246429443,Vanilla
178,0.029062101617455482,0.029062101617455482,2.1279494762420654,2.1279494762420654,Vanilla
179,0.026582859456539154,0.026582859456539154,2.2880377769470215,2.2880377769470215,Vanilla
180,0.02601299062371254,0.02601299062371254,2.408372163772583,2.408372163772583,Vanilla
181,0.026548387482762337,0.026548387482762337,2.4426796436309814,2.4426796436309814,Vanilla
182,0.02893952466547489,0.02893952466547489,2.4405510425567627,2.4405510425567627,Vanilla
183,0.02840225026011467,0.02840225026011467,2.3269996643066406,2.3269996643066406,Vanilla
184,0.026310661807656288,0.026310661807656288,2.5136454105377197,2.5136454105377197,Vanilla
185,0.02733825519680977,0.02733825519680977,2.7314393520355225,2.7314393520355225,Vanilla
186,1.4726139307022095,1.4726139307022095,,,Adversarial
187,0.11564212292432785,0.11564212292432785,1.6775128841400146,1.6775128841400146,Vanilla
188,0.020980287343263626,0.020980287343263626,1.9753143787384033,1.9753143787384033,Vanilla
189,0.025508619844913483,0.025508619844913483,2.147618055343628,2.147618055343628,Vanilla
190,0.024232974275946617,0.024232974275946617,2.3125555515289307,2.3125555515289307,Vanilla
191,0.02993239089846611,0.02993239089846611,2.3458852767944336,2.3458852767944336,Vanilla
192,0.026330705732107162,0.026330705732107162,2.5357420444488525,2.5357420444488525,Vanilla
193,0.027035878971219063,0.027035878971219063,2.444450855255127,2.444450855255127,Vanilla
194,0.026139292865991592,0.026139292865991592,2.50657057762146,2.50657057762146,Vanilla
195,0.0241117961704731,0.0241117961704731,2.6760313510894775,2.6760313510894775,Vanilla
196,0.026703523471951485,0.026703523471951485,2.6641998291015625,2.6641998291015625,Vanilla
197,1.4712893962860107,1.4712893962860107,,,Adversarial
198,0.11779087036848068,0.11779087036848068,1.797340750694275,1.797340750694275,Vanilla
199,0.020950818434357643,0.020950818434357643,2.1319901943206787,2.1319901943206787,Vanilla
200,0.02211150713264942,0.02211150713264942,2.2228970527648926,2.2228970527648926,Vanilla
201,0.02585875242948532,0.02585875242948532,2.515648365020752,2.515648365020752,Vanilla
202,0.02746770717203617,0.02746770717203617,2.456342935562134,2.456342935562134,Vanilla
203,0.02568214014172554,0.02568214014172554,2.5447473526000977,2.5447473526000977,Vanilla
204,0.02542922832071781,0.02542922832071781,2.570889472961426,2.570889472961426,Vanilla
205,0.02472514472901821,0.02472514472901821,2.5620646476745605,2.5620646476745605,Vanilla
206,0.026428192853927612,0.026428192853927612,2.618218421936035,2.618218421936035,Vanilla
207,0.02460334077477455,0.02460334077477455,2.5428261756896973,2.5428261756896973,Vanilla
208,1.4519649744033813,1.4519649744033813,,,Adversarial
209,0.11687304079532623,0.11687304079532623,1.768444538116455,1.768444538116455,Vanilla
210,0.021722260862588882,0.021722260862588882,2.0274569988250732,2.0274569988250732,Vanilla
211,0.023266790434718132,0.023266790434718132,2.3007349967956543,2.3007349967956543,Vanilla
212,0.024837523698806763,0.024837523698806763,2.394596576690674,2.394596576690674,Vanilla
213,0.024596918374300003,0.024596918374300003,2.3682327270507812,2.3682327270507812,Vanilla
214,0.022761762142181396,0.022761762142181396,2.528254270553589,2.528254270553589,Vanilla
215,0.027811618521809578,0.027811618521809578,2.595933198928833,2.595933198928833,Vanilla
216,0.02433120831847191,0.02433120831847191,2.58451771736145,2.58451771736145,Vanilla
217,0.023421909660100937,0.023421909660100937,2.6389429569244385,2.6389429569244385,Vanilla
218,0.025394825264811516,0.025394825264811516,2.6289448738098145,2.6289448738098145,Vanilla
219,1.4477449655532837,1.4477449655532837,,,Adversarial
220,0.11740174144506454,0.11740174144506454,1.7826465368270874,1.7826465368270874,Vanilla
221,0.01759480871260166,0.01759480871260166,2.2245194911956787,2.2245194911956787,Vanilla
222,0.02335255593061447,0.02335255593061447,2.2405924797058105,2.2405924797058105,Vanilla
223,0.02275446243584156,0.02275446243584156,2.381359100341797,2.381359100341797,Vanilla
224,0.020323485136032104,0.020323485136032104,2.511892080307007,2.511892080307007,Vanilla
225,0.026703525334596634,0.026703525334596634,2.538076162338257,2.538076162338257,Vanilla
226,0.02303592674434185,0.02303592674434185,2.5761349201202393,2.5761349201202393,Vanilla
227,0.023143364116549492,0.023143364116549492,2.6088027954101562,2.6088027954101562,Vanilla
228,0.022684965282678604,0.022684965282678604,2.7385499477386475,2.7385499477386475,Vanilla
229,0.024131396785378456,0.024131396785378456,2.6947712898254395,2.6947712898254395,Vanilla
230,1.4612482786178589,1.4612482786178589,,,Adversarial
231,0.10907620191574097,0.10907620191574097,1.8223859071731567,1.8223859071731567,Vanilla
232,0.01890438236296177,0.01890438236296177,2.0581729412078857,2.0581729412078857,Vanilla
233,0.021998289972543716,0.021998289972543716,2.3111040592193604,2.3111040592193604,Vanilla
234,0.020712655037641525,0.020712655037641525,2.454648971557617,2.454648971557617,Vanilla
235,0.024485928937792778,0.024485928937792778,2.5540754795074463,2.5540754795074463,Vanilla
236,0.02176094427704811,0.02176094427704811,2.611485719680786,2.611485719680786,Vanilla
237,0.02138383500277996,0.02138383500277996,2.647926092147827,2.647926092147827,Vanilla
238,0.023135622963309288,0.023135622963309288,2.6635093688964844,2.6635093688964844,Vanilla
239,0.02358228527009487,0.02358228527009487,2.683738946914673,2.683738946914673,Vanilla
240,0.02193608507514,0.02193608507514,2.812011241912842,2.812011241912842,Vanilla
241,1.4687280654907227,1.4687280654907227,,,Adversarial
242,0.11077287793159485,0.11077287793159485,1.886460542678833,1.886460542678833,Vanilla
243,0.020827502012252808,0.020827502012252808,2.120983362197876,2.120983362197876,Vanilla
244,0.021929528564214706,0.021929528564214706,2.397914409637451,2.397914409637451,Vanilla
245,0.020841673016548157,0.020841673016548157,2.489546537399292,2.489546537399292,Vanilla
246,0.024523746222257614,0.024523746222257614,2.523775339126587,2.523775339126587,Vanilla
247,0.020338306203484535,0.020338306203484535,2.605329990386963,2.605329990386963,Vanilla
248,0.02285107783973217,0.02285107783973217,2.536975622177124,2.536975622177124,Vanilla
249,0.023009855300188065,0.023009855300188065,2.6615772247314453,2.6615772247314453,Vanilla
250,0.018727982416749,0.018727982416749,2.678443431854248,2.678443431854248,Vanilla
251,0.024348556995391846,0.024348556995391846,2.774813413619995,2.774813413619995,Vanilla
252,1.4573802947998047,1.4573802947998047,,,Adversarial
253,0.10441157221794128,0.10441157221794128,1.8310452699661255,1.8310452699661255,Vanilla
254,0.018967878073453903,0.018967878073453903,2.2629716396331787,2.2629716396331787,Vanilla
255,0.020578084513545036,0.020578084513545036,2.42710542678833,2.42710542678833,Vanilla
256,0.021792834624648094,0.021792834624648094,2.4026541709899902,2.4026541709899902,Vanilla
257,0.019972674548625946,0.019972674548625946,2.5415501594543457,2.5415501594543457,Vanilla
258,0.020017758011817932,0.020017758011817932,2.614797592163086,2.614797592163086,Vanilla
259,0.020861629396677017,0.020861629396677017,2.6314148902893066,2.6314148902893066,Vanilla
260,0.02239689789712429,0.02239689789712429,2.786379814147949,2.786379814147949,Vanilla
261,0.02257995493710041,0.02257995493710041,2.8860881328582764,2.8860881328582764,Vanilla
262,0.02131219021975994,0.02131219021975994,2.7709333896636963,2.7709333896636963,Vanilla
263,1.457200050354004,1.457200050354004,,,Adversarial
264,0.10563939809799194,0.10563939809799194,1.8860994577407837,1.8860994577407837,Vanilla
265,0.015173458494246006,0.015173458494246006,2.1916050910949707,2.1916050910949707,Vanilla
266,0.02210080251097679,0.02210080251097679,2.3423025608062744,2.3423025608062744,Vanilla
267,0.019682805985212326,0.019682805985212326,2.496004581451416,2.496004581451416,Vanilla
268,0.022019175812602043,0.022019175812602043,2.546191692352295,2.546191692352295,Vanilla
269,0.018479207530617714,0.018479207530617714,2.555306911468506,2.555306911468506,Vanilla
270,0.022450130432844162,0.022450130432844162,2.582407236099243,2.582407236099243,Vanilla
271,0.021044408902525902,0.021044408902525902,2.6044921875,2.6044921875,Vanilla
272,0.01978662610054016,0.01978662610054016,2.772930383682251,2.772930383682251,Vanilla
273,0.02268950827419758,0.02268950827419758,2.712641477584839,2.712641477584839,Vanilla
274,1.4550119638442993,1.4550119638442993,,,Adversarial
275,0.09898940473794937,0.09898940473794937,1.8866729736328125,1.8866729736328125,Vanilla
276,0.016393199563026428,0.016393199563026428,2.3565149307250977,2.3565149307250977,Vanilla
277,0.021917052567005157,0.021917052567005157,2.309074878692627,2.309074878692627,Vanilla
278,0.019094400107860565,0.019094400107860565,2.4976401329040527,2.4976401329040527,Vanilla
279,0.02042318508028984,0.02042318508028984,2.5208659172058105,2.5208659172058105,Vanilla
280,0.01766251027584076,0.01766251027584076,2.6304965019226074,2.6304965019226074,Vanilla
281,0.020085575059056282,0.020085575059056282,2.753880262374878,2.753880262374878,Vanilla
282,0.021793559193611145,0.021793559193611145,2.725576639175415,2.725576639175415,Vanilla
283,0.019937723875045776,0.019937723875045776,2.8651926517486572,2.8651926517486572,Vanilla
284,0.01854497753083706,0.01854497753083706,2.98353910446167,2.98353910446167,Vanilla
285,1.445239782333374,1.445239782333374,,,Adversarial
286,0.10113418847322464,0.10113418847322464,1.9059979915618896,1.9059979915618896,Vanilla
287,0.015546714887022972,0.015546714887022972,2.203960418701172,2.203960418701172,Vanilla
288,0.016795681789517403,0.016795681789517403,2.5300261974334717,2.5300261974334717,Vanilla
289,0.023155061528086662,0.023155061528086662,2.440098524093628,2.440098524093628,Vanilla
290,0.01692359149456024,0.01692359149456024,2.6120336055755615,2.6120336055755615,Vanilla
291,0.023672696202993393,0.023672696202993393,2.5267021656036377,2.5267021656036377,Vanilla
292,0.017472362145781517,0.017472362145781517,2.697470188140869,2.697470188140869,Vanilla
293,0.016474619507789612,0.016474619507789612,2.7687556743621826,2.7687556743621826,Vanilla
294,0.02210051938891411,0.02210051938891411,2.8362181186676025,2.8362181186676025,Vanilla
295,0.021137047559022903,0.021137047559022903,2.76448655128479,2.76448655128479,Vanilla
296,1.4359803199768066,1.4359803199768066,,,Adversarial
297,0.09499439597129822,0.09499439597129822,1.8978384733200073,1.8978384733200073,Vanilla
298,0.012651544064283371,0.012651544064283371,2.246314287185669,2.246314287185669,Vanilla
299,0.017838256433606148,0.017838256433606148,2.5142319202423096,2.5142319202423096,Vanilla
300,0.021497467532753944,0.021497467532753944,2.5226120948791504,2.5226120948791504,Vanilla
301,0.014671925455331802,0.014671925455331802,2.7136075496673584,2.7136075496673584,Vanilla
302,0.019047293812036514,0.019047293812036514,2.7390856742858887,2.7390856742858887,Vanilla
303,0.022683484479784966,0.022683484479784966,2.796221971511841,2.796221971511841,Vanilla
304,0.01951424591243267,0.01951424591243267,2.754081964492798,2.754081964492798,Vanilla
305,0.020002475008368492,0.020002475008368492,2.780282735824585,2.780282735824585,Vanilla
306,0.0204037856310606,0.0204037856310606,2.8922622203826904,2.8922622203826904,Vanilla
307,1.4288647174835205,1.4288647174835205,,,Adversarial
308,0.09169592708349228,0.09169592708349228,1.9662859439849854,1.9662859439849854,Vanilla
309,0.015039348974823952,0.015039348974823952,2.3109357357025146,2.3109357357025146,Vanilla
310,0.018303774297237396,0.018303774297237396,2.3887112140655518,2.3887112140655518,Vanilla
311,0.01768459565937519,0.01768459565937519,2.615259885787964,2.615259885787964,Vanilla
312,0.019871210679411888,0.019871210679411888,2.608128786087036,2.608128786087036,Vanilla
313,0.01805262081325054,0.01805262081325054,2.727825403213501,2.727825403213501,Vanilla
314,0.018335888162255287,0.018335888162255287,2.8731343746185303,2.8731343746185303,Vanilla
315,0.01835000514984131,0.01835000514984131,2.797680139541626,2.797680139541626,Vanilla
316,0.020006239414215088,0.020006239414215088,2.9094698429107666,2.9094698429107666,Vanilla
317,0.01938900724053383,0.01938900724053383,2.8179266452789307,2.8179266452789307,Vanilla
318,1.4280476570129395,1.4280476570129395,,,Adversarial
319,0.09188460558652878,0.09188460558652878,2.0473222732543945,2.0473222732543945,Vanilla
320,0.014284983277320862,0.014284983277320862,2.352583169937134,2.352583169937134,Vanilla
321,0.019265716895461082,0.019265716895461082,2.363528251647949,2.363528251647949,Vanilla
322,0.020239319652318954,0.020239319652318954,2.53368878364563,2.53368878364563,Vanilla
323,0.014113983139395714,0.014113983139395714,2.7417476177215576,2.7417476177215576,Vanilla
324,0.020129069685935974,0.020129069685935974,2.641899585723877,2.641899585723877,Vanilla
325,0.020985156297683716,0.020985156297683716,2.8840248584747314,2.8840248584747314,Vanilla
326,0.018245777115225792,0.018245777115225792,3.058994770050049,3.058994770050049,Vanilla
327,0.018822316080331802,0.018822316080331802,2.8319554328918457,2.8319554328918457,Vanilla
328,0.020402252674102783,0.020402252674102783,2.9919862747192383,2.9919862747192383,Vanilla
329,1.4444254636764526,1.4444254636764526,,,Adversarial
330,0.09226997196674347,0.09226997196674347,1.973217248916626,1.973217248916626,Vanilla
331,0.01270503830164671,0.01270503830164671,2.247549057006836,2.247549057006836,Vanilla
332,0.015160605311393738,0.015160605311393738,2.3830981254577637,2.3830981254577637,Vanilla
333,0.01846781186759472,0.01846781186759472,2.4810361862182617,2.4810361862182617,Vanilla
334,0.020053526386618614,0.020053526386618614,2.6387875080108643,2.6387875080108643,Vanilla
335,0.016931286081671715,0.016931286081671715,2.731088638305664,2.731088638305664,Vanilla
336,0.018389124423265457,0.018389124423265457,2.8105037212371826,2.8105037212371826,Vanilla
337,0.017829861491918564,0.017829861491918564,2.763664722442627,2.763664722442627,Vanilla
338,0.01800447888672352,0.01800447888672352,2.918417453765869,2.918417453765869,Vanilla
339,0.02095688134431839,0.02095688134431839,2.896937131881714,2.896937131881714,Vanilla
340,1.4460980892181396,1.4460980892181396,,,Adversarial
341,0.0835098996758461,0.0835098996758461,1.923440933227539,1.923440933227539,Vanilla
342,0.012627090327441692,0.012627090327441692,2.199922561645508,2.199922561645508,Vanilla
343,0.016142096370458603,0.016142096370458603,2.4461512565612793,2.4461512565612793,Vanilla
344,0.018724793568253517,0.018724793568253517,2.5522923469543457,2.5522923469543457,Vanilla
345,0.01638602837920189,0.01638602837920189,2.6321284770965576,2.6321284770965576,Vanilla
346,0.02117891050875187,0.02117891050875187,2.723438262939453,2.723438262939453,Vanilla
347,0.01710228994488716,0.01710228994488716,2.9496538639068604,2.9496538639068604,Vanilla
348,0.018363578245043755,0.018363578245043755,2.8338797092437744,2.8338797092437744,Vanilla
349,0.019299019128084183,0.019299019128084183,2.931349039077759,2.931349039077759,Vanilla
350,0.014812147244811058,0.014812147244811058,2.9409584999084473,2.9409584999084473,Vanilla
351,1.426666259765625,1.426666259765625,,,Adversarial
352,0.08635055273771286,0.08635055273771286,1.9577218294143677,1.9577218294143677,Vanilla
353,0.01120918057858944,0.01120918057858944,2.4190800189971924,2.4190800189971924,Vanilla
354,0.01707303524017334,0.01707303524017334,2.4229073524475098,2.4229073524475098,Vanilla
355,0.01684378832578659,0.01684378832578659,2.6092371940612793,2.6092371940612793,Vanilla
356,0.01766360178589821,0.01766360178589821,2.7515318393707275,2.7515318393707275,Vanilla
357,0.016932424157857895,0.016932424157857895,2.8664517402648926,2.8664517402648926,Vanilla
358,0.01664320006966591,0.01664320006966591,2.828726291656494,2.828726291656494,Vanilla
359,0.021070867776870728,0.021070867776870728,2.8248798847198486,2.8248798847198486,Vanilla
360,0.01690615899860859,0.01690615899860859,3.122117519378662,3.122117519378662,Vanilla
361,0.01724354363977909,0.01724354363977909,3.051999807357788,3.051999807357788,Vanilla
362,1.4140896797180176,1.4140896797180176,,,Adversarial
363,0.08771705627441406,0.08771705627441406,1.9896893501281738,1.9896893501281738,Vanilla
364,0.011610271409153938,0.011610271409153938,2.368366241455078,2.368366241455078,Vanilla
365,0.018619073554873466,0.018619073554873466,2.524876832962036,2.524876832962036,Vanilla
366,0.01596439629793167,0.01596439629793167,2.7226614952087402,2.7226614952087402,Vanilla
367,0.020863227546215057,0.020863227546215057,2.824927806854248,2.824927806854248,Vanilla
368,0.017177745699882507,0.017177745699882507,2.7895333766937256,2.7895333766937256,Vanilla
369,0.017460022121667862,0.017460022121667862,2.7689194679260254,2.7689194679260254,Vanilla
370,0.01836858130991459,0.01836858130991459,3.019918203353882,3.019918203353882,Vanilla
371,0.017530275508761406,0.017530275508761406,2.9164209365844727,2.9164209365844727,Vanilla
372,0.018302589654922485,0.018302589654922485,2.9096271991729736,2.9096271991729736,Vanilla
373,1.4104329347610474,1.4104329347610474,,,Adversarial
374,0.08141052722930908,0.08141052722930908,2.0505247116088867,2.0505247116088867,Vanilla
375,0.011235235258936882,0.011235235258936882,2.366856813430786,2.366856813430786,Vanilla
376,0.01616281270980835,0.01616281270980835,2.5984249114990234,2.5984249114990234,Vanilla
377,0.016104407608509064,0.016104407608509064,2.6975653171539307,2.6975653171539307,Vanilla
378,0.016822395846247673,0.016822395846247673,2.8212039470672607,2.8212039470672607,Vanilla
379,0.01609494537115097,0.01609494537115097,2.864295721054077,2.864295721054077,Vanilla
380,0.01862548105418682,0.01862548105418682,2.7916672229766846,2.7916672229766846,Vanilla
381,0.015508631244301796,0.015508631244301796,3.221139669418335,3.221139669418335,Vanilla
382,0.01854477822780609,0.01854477822780609,2.904201030731201,2.904201030731201,Vanilla
383,0.017322935163974762,0.017322935163974762,3.06091046333313,3.06091046333313,Vanilla
384,1.4002370834350586,1.4002370834350586,,,Adversarial
385,0.08580101281404495,0.08580101281404495,2.1480119228363037,2.1480119228363037,Vanilla
386,0.012200530618429184,0.012200530618429184,2.447399616241455,2.447399616241455,Vanilla
387,0.017230786383152008,0.017230786383152008,2.5485804080963135,2.5485804080963135,Vanilla
388,0.0167691707611084,0.0167691707611084,2.7933409214019775,2.7933409214019775,Vanilla
389,0.01526608131825924,0.01526608131825924,3.01874041557312,3.01874041557312,Vanilla
390,0.016098378226161003,0.016098378226161003,2.810410499572754,2.810410499572754,Vanilla
391,0.017663300037384033,0.017663300037384033,2.82885479927063,2.82885479927063,Vanilla
392,0.015834279358386993,0.015834279358386993,2.9312314987182617,2.9312314987182617,Vanilla
393,0.01662091165781021,0.01662091165781021,2.9931509494781494,2.9931509494781494,Vanilla
394,0.0153511306270957,0.0153511306270957,2.980285406112671,2.980285406112671,Vanilla
395,1.3940980434417725,1.3940980434417725,,,Adversarial
396,0.0826554223895073,0.0826554223895073,2.062098503112793,2.062098503112793,Vanilla
397,0.011171778663992882,0.011171778663992882,2.4526913166046143,2.4526913166046143,Vanilla
398,0.014870185405015945,0.014870185405015945,2.706040382385254,2.706040382385254,Vanilla
399,0.017752215266227722,0.017752215266227722,2.8210296630859375,2.8210296630859375,Vanilla
400,0.012880819849669933,0.012880819849669933,2.9417030811309814,2.9417030811309814,Vanilla
401,0.018006695434451103,0.018006695434451103,2.8223917484283447,2.8223917484283447,Vanilla
402,0.016470221802592278,0.016470221802592278,2.9733266830444336,2.9733266830444336,Vanilla
403,0.01591017097234726,0.01591017097234726,2.99379563331604,2.99379563331604,Vanilla
404,0.018993450328707695,0.018993450328707695,3.1950602531433105,3.1950602531433105,Vanilla
405,0.018836501985788345,0.018836501985788345,3.213667869567871,3.213667869567871,Vanilla
406,1.4036699533462524,1.4036699533462524,,,Adversarial
407,0.08642642945051193,0.08642642945051193,2.0741031169891357,2.0741031169891357,Vanilla
408,0.011023486964404583,0.011023486964404583,2.351444721221924,2.351444721221924,Vanilla
409,0.01653600111603737,0.01653600111603737,2.532916784286499,2.532916784286499,Vanilla
410,0.017413001507520676,0.017413001507520676,2.7471492290496826,2.7471492290496826,Vanilla
411,0.013923226855695248,0.013923226855695248,2.7899861335754395,2.7899861335754395,Vanilla
412,0.01798246055841446,0.01798246055841446,2.919827938079834,2.919827938079834,Vanilla
413,0.017622802406549454,0.017622802406549454,3.0333168506622314,3.0333168506622314,Vanilla
414,0.014917470514774323,0.014917470514774323,2.955396890640259,2.955396890640259,Vanilla
415,0.015345253050327301,0.015345253050327301,3.0231571197509766,3.0231571197509766,Vanilla
416,0.016319425776600838,0.016319425776600838,3.3369269371032715,3.3369269371032715,Vanilla
417,1.4065675735473633,1.4065675735473633,,,Adversarial
418,0.08516451716423035,0.08516451716423035,2.0580296516418457,2.0580296516418457,Vanilla
419,0.0114858103916049,0.0114858103916049,2.3319828510284424,2.3319828510284424,Vanilla
420,0.014406356029212475,0.014406356029212475,2.701036214828491,2.701036214828491,Vanilla
421,0.01832115463912487,0.01832115463912487,2.819183111190796,2.819183111190796,Vanilla
422,0.013743984512984753,0.013743984512984753,2.9351425170898438,2.9351425170898438,Vanilla
423,0.01658962294459343,0.01658962294459343,2.9320478439331055,2.9320478439331055,Vanilla
424,0.013791505247354507,0.013791505247354507,3.063460350036621,3.063460350036621,Vanilla
425,0.01685541495680809,0.01685541495680809,3.110592842102051,3.110592842102051,Vanilla
426,0.017338838428258896,0.017338838428258896,3.177692174911499,3.177692174911499,Vanilla
427,0.016116857528686523,0.016116857528686523,3.104531764984131,3.104531764984131,Vanilla
428,1.416236162185669,1.416236162185669,,,Adversarial
429,0.07737158238887787,0.07737158238887787,2.095574378967285,2.095574378967285,Vanilla
430,0.011338486336171627,0.011338486336171627,2.412325859069824,2.412325859069824,Vanilla
431,0.015193563885986805,0.015193563885986805,2.558182716369629,2.558182716369629,Vanilla
432,0.015691693872213364,0.015691693872213364,2.789769172668457,2.789769172668457,Vanilla
433,0.014325390569865704,0.014325390569865704,2.8586888313293457,2.8586888313293457,Vanilla
434,0.014959781430661678,0.014959781430661678,3.0442702770233154,3.0442702770233154,Vanilla
435,0.013725850731134415,0.013725850731134415,3.1666815280914307,3.1666815280914307,Vanilla
436,0.015994295477867126,0.015994295477867126,3.066553831100464,3.066553831100464,Vanilla
437,0.016123775392770767,0.016123775392770767,3.0927507877349854,3.0927507877349854,Vanilla
438,0.015924464911222458,0.015924464911222458,3.271085023880005,3.271085023880005,Vanilla
439,1.4085111618041992,1.4085111618041992,,,Adversarial
440,0.07949957251548767,0.07949957251548767,2.1519250869750977,2.1519250869750977,Vanilla
441,0.010082590393722057,0.010082590393722057,2.390798568725586,2.390798568725586,Vanilla
442,0.013073711656033993,0.013073711656033993,2.67541241645813,2.67541241645813,Vanilla
443,0.015205402858555317,0.015205402858555317,2.7261857986450195,2.7261857986450195,Vanilla
444,0.015537227503955364,0.015537227503955364,2.8182802200317383,2.8182802200317383,Vanilla
445,0.01821262575685978,0.01821262575685978,2.893939971923828,2.893939971923828,Vanilla
446,0.01542250718921423,0.01542250718921423,3.0937302112579346,3.0937302112579346,Vanilla
447,0.016764145344495773,0.016764145344495773,2.979248046875,2.979248046875,Vanilla
448,0.015589648857712746,0.015589648857712746,3.1051015853881836,3.1051015853881836,Vanilla
449,0.014800447970628738,0.014800447970628738,3.2112183570861816,3.2112183570861816,Vanilla
450,1.3940987586975098,1.3940987586975098,,,Adversarial
451,0.07839018851518631,0.07839018851518631,2.111084461212158,2.111084461212158,Vanilla
452,0.01266441959887743,0.01266441959887743,2.4177942276000977,2.4177942276000977,Vanilla
453,0.012804404832422733,0.012804404832422733,2.6855969429016113,2.6855969429016113,Vanilla
454,0.017350157722830772,0.017350157722830772,2.7387356758117676,2.7387356758117676,Vanilla
455,0.015160547569394112,0.015160547569394112,2.7846500873565674,2.7846500873565674,Vanilla
456,0.016039036214351654,0.016039036214351654,3.001725912094116,3.001725912094116,Vanilla
457,0.01531283650547266,0.01531283650547266,3.0495712757110596,3.0495712757110596,Vanilla
458,0.014899692498147488,0.014899692498147488,3.025583028793335,3.025583028793335,Vanilla
459,0.01781284064054489,0.01781284064054489,3.2222752571105957,3.2222752571105957,Vanilla
460,0.015401512384414673,0.015401512384414673,3.0923445224761963,3.0923445224761963,Vanilla
461,1.3800934553146362,1.3800934553146362,,,Adversarial
462,0.07362905144691467,0.07362905144691467,2.340498208999634,2.340498208999634,Vanilla
463,0.011410142295062542,0.011410142295062542,2.6556801795959473,2.6556801795959473,Vanilla
464,0.016671594232320786,0.016671594232320786,2.6461758613586426,2.6461758613586426,Vanilla
465,0.013898085802793503,0.013898085802793503,2.793210029602051,2.793210029602051,Vanilla
466,0.01679200679063797,0.01679200679063797,3.0201988220214844,3.0201988220214844,Vanilla
467,0.013785340823233128,0.013785340823233128,2.9762845039367676,2.9762845039367676,Vanilla
468,0.014941135421395302,0.014941135421395302,3.099187135696411,3.099187135696411,Vanilla
469,0.01756104826927185,0.01756104826927185,3.1144957542419434,3.1144957542419434,Vanilla
470,0.0164941493421793,0.0164941493421793,3.1470730304718018,3.1470730304718018,Vanilla
471,0.01717197336256504,0.01717197336256504,3.121657609939575,3.121657609939575,Vanilla
472,1.3791425228118896,1.3791425228118896,,,Adversarial
473,0.0857035219669342,0.0857035219669342,2.263324737548828,2.263324737548828,Vanilla
474,0.011607867665588856,0.011607867665588856,2.4163222312927246,2.4163222312927246,Vanilla
475,0.012928255833685398,0.012928255833685398,2.460963487625122,2.460963487625122,Vanilla
476,0.014507862739264965,0.014507862739264965,2.8089866638183594,2.8089866638183594,Vanilla
477,0.017279742285609245,0.017279742285609245,2.990506887435913,2.990506887435913,Vanilla
478,0.012423668056726456,0.012423668056726456,3.206724166870117,3.206724166870117,Vanilla
479,0.013652835972607136,0.013652835972607136,3.130955934524536,3.130955934524536,Vanilla
480,0.016569698229432106,0.016569698229432106,3.220336437225342,3.220336437225342,Vanilla
481,0.016365787014365196,0.016365787014365196,3.172314405441284,3.172314405441284,Vanilla
482,0.014282628893852234,0.014282628893852234,3.2045340538024902,3.2045340538024902,Vanilla
483,1.3873543739318848,1.3873543739318848,,,Adversarial
484,0.08348055928945541,0.08348055928945541,2.1979589462280273,2.1979589462280273,Vanilla
485,0.010474378243088722,0.010474378243088722,2.5676581859588623,2.5676581859588623,Vanilla
486,0.01265753898769617,0.01265753898769617,2.736483097076416,2.736483097076416,Vanilla
487,0.015394800342619419,0.015394800342619419,2.799098491668701,2.799098491668701,Vanilla
488,0.017191080376505852,0.017191080376505852,2.825338840484619,2.825338840484619,Vanilla
489,0.015754099935293198,0.015754099935293198,2.8941807746887207,2.8941807746887207,Vanilla
490,0.013430487364530563,0.013430487364530563,3.1207284927368164,3.1207284927368164,Vanilla
491,0.014960633590817451,0.014960633590817451,2.998656988143921,2.998656988143921,Vanilla
492,0.016142310574650764,0.016142310574650764,3.13315749168396,3.13315749168396,Vanilla
493,0.016055183485150337,0.016055183485150337,3.1829512119293213,3.1829512119293213,Vanilla
494,1.3814666271209717,1.3814666271209717,,,Adversarial
495,0.08334095776081085,0.08334095776081085,2.22210431098938,2.22210431098938,Vanilla
496,0.010068777948617935,0.010068777948617935,2.6476001739501953,2.6476001739501953,Vanilla
497,0.01576162315905094,0.01576162315905094,2.673095226287842,2.673095226287842,Vanilla
498,0.012313749641180038,0.012313749641180038,2.8822712898254395,2.8822712898254395,Vanilla
499,0.012818536721169949,0.012818536721169949,2.9499433040618896,2.9499433040618896,Vanilla
500,0.016425469890236855,0.016425469890236855,3.13834547996521,3.13834547996521,Vanilla
501,0.010495013557374477,0.010495013557374477,3.1520962715148926,3.1520962715148926,Vanilla
502,0.015188458375632763,0.015188458375632763,3.1644208431243896,3.1644208431243896,Vanilla
503,0.014864013530313969,0.014864013530313969,3.2532756328582764,3.2532756328582764,Vanilla
504,0.017837775871157646,0.017837775871157646,3.209693193435669,3.209693193435669,Vanilla
505,1.3926236629486084,1.3926236629486084,,,Adversarial
506,0.08038028329610825,0.08038028329610825,2.203378438949585,2.203378438949585,Vanilla
507,0.010404848493635654,0.010404848493635654,2.410071849822998,2.410071849822998,Vanilla
508,0.013491501100361347,0.013491501100361347,2.6734213829040527,2.6734213829040527,Vanilla
509,0.013244922272861004,0.013244922272861004,2.7471871376037598,2.7471871376037598,Vanilla
510,0.014650524593889713,0.014650524593889713,3.063933849334717,3.063933849334717,Vanilla
511,0.01507607102394104,0.01507607102394104,3.058797836303711,3.058797836303711,Vanilla
512,0.015565688721835613,0.015565688721835613,3.1263506412506104,3.1263506412506104,Vanilla
513,0.01490174699574709,0.01490174699574709,3.279249906539917,3.279249906539917,Vanilla
514,0.014517491683363914,0.014517491683363914,3.2728800773620605,3.2728800773620605,Vanilla
515,0.014441855251789093,0.014441855251789093,3.330599308013916,3.330599308013916,Vanilla
516,1.3933581113815308,1.3933581113815308,,,Adversarial
517,0.0755520686507225,0.0755520686507225,2.2165420055389404,2.2165420055389404,Vanilla
518,0.010122646577656269,0.010122646577656269,2.6264564990997314,2.6264564990997314,Vanilla
519,0.014248090796172619,0.014248090796172619,2.768510103225708,2.768510103225708,Vanilla
520,0.01492783147841692,0.01492783147841692,2.780870199203491,2.780870199203491,Vanilla
521,0.013256852515041828,0.013256852515041828,3.1270742416381836,3.1270742416381836,Vanilla
522,0.014485813677310944,0.014485813677310944,3.024360179901123,3.024360179901123,Vanilla
523,0.01422905083745718,0.01422905083745718,2.944445848464966,2.944445848464966,Vanilla
524,0.013036311604082584,0.013036311604082584,3.2756400108337402,3.2756400108337402,Vanilla
525,0.01296572107821703,0.01296572107821703,3.0180232524871826,3.0180232524871826,Vanilla
526,0.014127389527857304,0.014127389527857304,3.272843599319458,3.272843599319458,Vanilla
527,1.3815144300460815,1.3815144300460815,,,Adversarial
528,0.07477537542581558,0.07477537542581558,2.190016269683838,2.190016269683838,Vanilla
529,0.01038213912397623,0.01038213912397623,2.604339361190796,2.604339361190796,Vanilla
530,0.015474834479391575,0.015474834479391575,2.5815422534942627,2.5815422534942627,Vanilla
531,0.01326941978186369,0.01326941978186369,2.734729766845703,2.734729766845703,Vanilla
532,0.013566375710070133,0.013566375710070133,2.871795177459717,2.871795177459717,Vanilla
533,0.013642593286931515,0.013642593286931515,2.9521827697753906,2.9521827697753906,Vanilla
534,0.013150840997695923,0.013150840997695923,3.2325539588928223,3.2325539588928223,Vanilla
535,0.016007671132683754,0.016007671132683754,3.1263716220855713,3.1263716220855713,Vanilla
536,0.0133778415620327,0.0133778415620327,3.1021695137023926,3.1021695137023926,Vanilla
537,0.01682993955910206,0.01682993955910206,3.3483119010925293,3.3483119010925293,Vanilla
538,1.3761906623840332,1.3761906623840332,,,Adversarial
539,0.07349183410406113,0.07349183410406113,2.1837918758392334,2.1837918758392334,Vanilla
540,0.009287161752581596,0.009287161752581596,2.519911766052246,2.519911766052246,Vanilla
541,0.015074524097144604,0.015074524097144604,2.7662689685821533,2.7662689685821533,Vanilla
542,0.012681965716183186,0.012681965716183186,2.8611812591552734,2.8611812591552734,Vanilla
543,0.013794921338558197,0.013794921338558197,2.90320086479187,2.90320086479187,Vanilla
544,0.014195770025253296,0.014195770025253296,3.0793066024780273,3.0793066024780273,Vanilla
545,0.013834279030561447,0.013834279030561447,3.0274579524993896,3.0274579524993896,Vanilla
546,0.01357029378414154,0.01357029378414154,3.203829288482666,3.203829288482666,Vanilla
547,0.012754418887197971,0.012754418887197971,3.404674768447876,3.404674768447876,Vanilla
548,0.015026017092168331,0.015026017092168331,3.245952844619751,3.245952844619751,Vanilla
549,1.3700634241104126,1.3700634241104126,,,Adversarial
550,0.07001645117998123,0.07001645117998123,2.3629133701324463,2.3629133701324463,Vanilla
551,0.01167412381619215,0.01167412381619215,2.596989870071411,2.596989870071411,Vanilla
552,0.010575701482594013,0.010575701482594013,2.772660970687866,2.772660970687866,Vanilla
553,0.015347879379987717,0.015347879379987717,2.8416476249694824,2.8416476249694824,Vanilla
554,0.015300785191357136,0.015300785191357136,2.9249703884124756,2.9249703884124756,Vanilla
555,0.013484505005180836,0.013484505005180836,2.8992056846618652,2.8992056846618652,Vanilla
556,0.013540980406105518,0.013540980406105518,2.9545366764068604,2.9545366764068604,Vanilla
557,0.015623906627297401,0.015623906627297401,3.308432102203369,3.308432102203369,Vanilla
558,0.01248118095099926,0.01248118095099926,3.357794761657715,3.357794761657715,Vanilla
559,0.014660587534308434,0.014660587534308434,3.4352967739105225,3.4352967739105225,Vanilla
560,1.3661080598831177,1.3661080598831177,,,Adversarial
561,0.0774516761302948,0.0774516761302948,2.325525999069214,2.325525999069214,Vanilla
562,0.009786756709218025,0.009786756709218025,2.557990312576294,2.557990312576294,Vanilla
563,0.014782688580453396,0.014782688580453396,2.919933319091797,2.919933319091797,Vanilla
564,0.01158722024410963,0.01158722024410963,2.961965322494507,2.961965322494507,Vanilla
565,0.014315972104668617,0.014315972104668617,3.0115909576416016,3.0115909576416016,Vanilla
566,0.013530312106013298,0.013530312106013298,3.192978620529175,3.192978620529175,Vanilla
567,0.014892962761223316,0.014892962761223316,3.245939016342163,3.245939016342163,Vanilla
568,0.014102552086114883,0.014102552086114883,3.3526179790496826,3.3526179790496826,Vanilla
569,0.016940711066126823,0.016940711066126823,2.94101881980896,2.94101881980896,Vanilla
570,0.01283776480704546,0.01283776480704546,3.215649366378784,3.215649366378784,Vanilla
571,1.3607429265975952,1.3607429265975952,,,Adversarial
572,0.07256270200014114,0.07256270200014114,2.3289480209350586,2.3289480209350586,Vanilla
573,0.010766192339360714,0.010766192339360714,2.535139322280884,2.535139322280884,Vanilla
574,0.012330485507845879,0.012330485507845879,2.875746488571167,2.875746488571167,Vanilla
575,0.012397699058055878,0.012397699058055878,2.9421064853668213,2.9421064853668213,Vanilla
576,0.011817233636975288,0.011817233636975288,3.066230297088623,3.066230297088623,Vanilla
577,0.013715343549847603,0.013715343549847603,3.2006165981292725,3.2006165981292725,Vanilla
578,0.013951701112091541,0.013951701112091541,3.165879487991333,3.165879487991333,Vanilla
579,0.014668010175228119,0.014668010175228119,3.3304948806762695,3.3304948806762695,Vanilla
580,0.017289215698838234,0.017289215698838234,3.387265682220459,3.387265682220459,Vanilla
581,0.01315349992364645,0.01315349992364645,3.3390417098999023,3.3390417098999023,Vanilla
582,1.3770560026168823,1.3770560026168823,,,Adversarial
583,0.07765867561101913,0.07765867561101913,2.3420302867889404,2.3420302867889404,Vanilla
584,0.010007957927882671,0.010007957927882671,2.5199882984161377,2.5199882984161377,Vanilla
585,0.01378648355603218,0.01378648355603218,2.6606483459472656,2.6606483459472656,Vanilla
586,0.011923578567802906,0.011923578567802906,2.846320390701294,2.846320390701294,Vanilla
587,0.013183649629354477,0.013183649629354477,2.875141143798828,2.875141143798828,Vanilla
588,0.012579698115587234,0.012579698115587234,3.1783018112182617,3.1783018112182617,Vanilla
589,0.01509084366261959,0.01509084366261959,3.0394625663757324,3.0394625663757324,Vanilla
590,0.012104193679988384,0.012104193679988384,3.1436567306518555,3.1436567306518555,Vanilla
591,0.012776543386280537,0.012776543386280537,3.2533023357391357,3.2533023357391357,Vanilla
592,0.01617524027824402,0.01617524027824402,3.2478229999542236,3.2478229999542236,Vanilla
593,1.3854368925094604,1.3854368925094604,,,Adversarial
594,0.08423873037099838,0.08423873037099838,2.2912724018096924,2.2912724018096924,Vanilla
595,0.009681427851319313,0.009681427851319313,2.5764260292053223,2.5764260292053223,Vanilla
596,0.015420464798808098,0.015420464798808098,2.68135929107666,2.68135929107666,Vanilla
597,0.010610196739435196,0.010610196739435196,2.868785858154297,2.868785858154297,Vanilla
598,0.012116600759327412,0.012116600759327412,2.9808599948883057,2.9808599948883057,Vanilla
599,0.012985389679670334,0.012985389679670334,3.1262154579162598,3.1262154579162598,Vanilla
600,0.014543700963258743,0.014543700963258743,3.0521697998046875,3.0521697998046875,Vanilla
601,0.015806324779987335,0.015806324779987335,3.1804251670837402,3.1804251670837402,Vanilla
602,0.011627811938524246,0.011627811938524246,3.283500909805298,3.283500909805298,Vanilla
603,0.012411518953740597,0.012411518953740597,3.475031614303589,3.475031614303589,Vanilla
604,1.357145071029663,1.357145071029663,,,Adversarial
605,0.08508909493684769,0.08508909493684769,2.293651819229126,2.293651819229126,Vanilla
606,0.009042173624038696,0.009042173624038696,2.7401576042175293,2.7401576042175293,Vanilla
607,0.012586145661771297,0.012586145661771297,2.8568599224090576,2.8568599224090576,Vanilla
608,0.014494509436190128,0.014494509436190128,2.9666199684143066,2.9666199684143066,Vanilla
609,0.01216753851622343,0.01216753851622343,3.2936999797821045,3.2936999797821045,Vanilla
610,0.01311578694730997,0.01311578694730997,3.26690936088562,3.26690936088562,Vanilla
611,0.015984391793608665,0.015984391793608665,3.4734508991241455,3.4734508991241455,Vanilla
612,0.010814545676112175,0.010814545676112175,3.238109588623047,3.238109588623047,Vanilla
613,0.014955581165850163,0.014955581165850163,3.466129779815674,3.466129779815674,Vanilla
614,0.01234819833189249,0.01234819833189249,3.4392566680908203,3.4392566680908203,Vanilla
615,1.3693008422851562,1.3693008422851562,,,Adversarial
616,0.0732426643371582,0.0732426643371582,2.352104902267456,2.352104902267456,Vanilla
617,0.01076358463615179,0.01076358463615179,2.570821762084961,2.570821762084961,Vanilla
618,0.012730513699352741,0.012730513699352741,2.745856523513794,2.745856523513794,Vanilla
619,0.013288723304867744,0.013288723304867744,2.9114723205566406,2.9114723205566406,Vanilla
620,0.013550123199820518,0.013550123199820518,2.966247081756592,2.966247081756592,Vanilla
621,0.01178776752203703,0.01178776752203703,3.087709426879883,3.087709426879883,Vanilla
622,0.013177163898944855,0.013177163898944855,3.237104654312134,3.237104654312134,Vanilla
623,0.011741935275495052,0.011741935275495052,3.318190336227417,3.318190336227417,Vanilla
624,0.014479678124189377,0.014479678124189377,3.326608180999756,3.326608180999756,Vanilla
625,0.012764139100909233,0.012764139100909233,3.5616395473480225,3.5616395473480225,Vanilla
626,1.3687708377838135,1.3687708377838135,,,Adversarial
627,0.08019315451383591,0.08019315451383591,2.2592616081237793,2.2592616081237793,Vanilla
628,0.009253078140318394,0.009253078140318394,2.571413516998291,2.571413516998291,Vanilla
629,0.011920122429728508,0.011920122429728508,2.8254623413085938,2.8254623413085938,Vanilla
630,0.013825071044266224,0.013825071044266224,2.879676580429077,2.879676580429077,Vanilla
631,0.011519779451191425,0.011519779451191425,2.9882166385650635,2.9882166385650635,Vanilla
632,0.013022242113947868,0.013022242113947868,3.2332301139831543,3.2332301139831543,Vanilla
633,0.011493254452943802,0.011493254452943802,3.296095132827759,3.296095132827759,Vanilla
634,0.013236010447144508,0.013236010447144508,3.3530664443969727,3.3530664443969727,Vanilla
635,0.01340968906879425,0.01340968906879425,3.361402750015259,3.361402750015259,Vanilla
636,0.012678085826337337,0.012678085826337337,3.5288331508636475,3.5288331508636475,Vanilla
637,1.379597544670105,1.379597544670105,,,Adversarial
638,0.07920478284358978,0.07920478284358978,2.2731587886810303,2.2731587886810303,Vanilla
639,0.00917914230376482,0.00917914230376482,2.486453056335449,2.486453056335449,Vanilla
640,0.011105896905064583,0.011105896905064583,2.733942747116089,2.733942747116089,Vanilla
641,0.011406924575567245,0.011406924575567245,3.189343214035034,3.189343214035034,Vanilla
642,0.015127673745155334,0.015127673745155334,3.152228593826294,3.152228593826294,Vanilla
643,0.010233561508357525,0.010233561508357525,3.2272119522094727,3.2272119522094727,Vanilla
644,0.011577754281461239,0.011577754281461239,3.2259433269500732,3.2259433269500732,Vanilla
645,0.012001735158264637,0.012001735158264637,3.2825846672058105,3.2825846672058105,Vanilla
646,0.01611674763262272,0.01611674763262272,3.347522497177124,3.347522497177124,Vanilla
647,0.013567369431257248,0.013567369431257248,3.511431932449341,3.511431932449341,Vanilla
648,1.3619943857192993,1.3619943857192993,,,Adversarial
649,0.07846328616142273,0.07846328616142273,2.2597575187683105,2.2597575187683105,Vanilla
650,0.009261047467589378,0.009261047467589378,2.631460666656494,2.631460666656494,Vanilla
651,0.012441783212125301,0.012441783212125301,2.8695220947265625,2.8695220947265625,Vanilla
652,0.012021789327263832,0.012021789327263832,2.929388999938965,2.929388999938965,Vanilla
653,0.013428710401058197,0.013428710401058197,3.1975948810577393,3.1975948810577393,Vanilla
654,0.014201652258634567,0.014201652258634567,3.1567156314849854,3.1567156314849854,Vanilla
655,0.01245594397187233,0.01245594397187233,3.3327293395996094,3.3327293395996094,Vanilla
656,0.013154149986803532,0.013154149986803532,3.485442638397217,3.485442638397217,Vanilla
657,0.015043499879539013,0.015043499879539013,3.3183531761169434,3.3183531761169434,Vanilla
658,0.010521217249333858,0.010521217249333858,3.5842175483703613,3.5842175483703613,Vanilla
659,1.3550200462341309,1.3550200462341309,,,Adversarial
660,0.0781724750995636,0.0781724750995636,2.370272636413574,2.370272636413574,Vanilla
661,0.009127856232225895,0.009127856232225895,2.546107769012451,2.546107769012451,Vanilla
662,0.00970701314508915,0.00970701314508915,2.7910869121551514,2.7910869121551514,Vanilla
663,0.011717330664396286,0.011717330664396286,2.970060110092163,2.970060110092163,Vanilla
664,0.012447941116988659,0.012447941116988659,2.973546266555786,2.973546266555786,Vanilla
665,0.013181052170693874,0.013181052170693874,3.2242648601531982,3.2242648601531982,Vanilla
666,0.012031854130327702,0.012031854130327702,3.3798365592956543,3.3798365592956543,Vanilla
667,0.013277215883135796,0.013277215883135796,3.333536386489868,3.333536386489868,Vanilla
668,0.010968901216983795,0.010968901216983795,3.349224090576172,3.349224090576172,Vanilla
669,0.014418947510421276,0.014418947510421276,3.4531891345977783,3.4531891345977783,Vanilla
670,1.360837459564209,1.360837459564209,,,Adversarial
671,0.07783405482769012,0.07783405482769012,2.447089433670044,2.447089433670044,Vanilla
672,0.009599896147847176,0.009599896147847176,2.799570083618164,2.799570083618164,Vanilla
673,0.010792875662446022,0.010792875662446022,3.0374085903167725,3.0374085903167725,Vanilla
674,0.013736766763031483,0.013736766763031483,3.0615601539611816,3.0615601539611816,Vanilla
675,0.012450420297682285,0.012450420297682285,3.095290184020996,3.095290184020996,Vanilla
676,0.011714174412190914,0.011714174412190914,3.291555643081665,3.291555643081665,Vanilla
677,0.012258523143827915,0.012258523143827915,3.390568733215332,3.390568733215332,Vanilla
678,0.013369589112699032,0.013369589112699032,3.542462110519409,3.542462110519409,Vanilla
679,0.011652707122266293,0.011652707122266293,3.4329071044921875,3.4329071044921875,Vanilla
680,0.01387663371860981,0.01387663371860981,3.3971574306488037,3.3971574306488037,Vanilla
681,1.3414722681045532,1.3414722681045532,,,Adversarial
682,0.07447227090597153,0.07447227090597153,2.471006393432617,2.471006393432617,Vanilla
683,0.007725230418145657,0.007725230418145657,2.858747720718384,2.858747720718384,Vanilla
684,0.01214530598372221,0.01214530598372221,2.8314459323883057,2.8314459323883057,Vanilla
685,0.0120156304910779,0.0120156304910779,3.2120158672332764,3.2120158672332764,Vanilla
686,0.013608711771667004,0.013608711771667004,3.1304681301116943,3.1304681301116943,Vanilla
687,0.01057762186974287,0.01057762186974287,3.366342306137085,3.366342306137085,Vanilla
688,0.014740816317498684,0.014740816317498684,3.3968238830566406,3.3968238830566406,Vanilla
689,0.011561429128050804,0.011561429128050804,3.2460246086120605,3.2460246086120605,Vanilla
690,0.01576143316924572,0.01576143316924572,3.428476095199585,3.428476095199585,Vanilla
691,0.012843991629779339,0.012843991629779339,3.4661076068878174,3.4661076068878174,Vanilla
692,1.3677784204483032,1.3677784204483032,,,Adversarial
693,0.08066754043102264,0.08066754043102264,2.264035701751709,2.264035701751709,Vanilla
694,0.007846590131521225,0.007846590131521225,2.800835609436035,2.800835609436035,Vanilla
695,0.012553222477436066,0.012553222477436066,2.9676356315612793,2.9676356315612793,Vanilla
696,0.012812983244657516,0.012812983244657516,2.9950671195983887,2.9950671195983887,Vanilla
697,0.010803072713315487,0.010803072713315487,3.097158670425415,3.097158670425415,Vanilla
698,0.012175795622169971,0.012175795622169971,3.386688232421875,3.386688232421875,Vanilla
699,0.015328863635659218,0.015328863635659218,3.3212499618530273,3.3212499618530273,Vanilla
700,0.012268945574760437,0.012268945574760437,3.332249879837036,3.332249879837036,Vanilla
701,0.011221435852348804,0.011221435852348804,3.362699031829834,3.362699031829834,Vanilla
702,0.013621081598103046,0.013621081598103046,3.4245264530181885,3.4245264530181885,Vanilla
703,1.3662381172180176,1.3662381172180176,,,Adversarial
704,0.0708111971616745,0.0708111971616745,2.379483461380005,2.379483461380005,Vanilla
705,0.007502846419811249,0.007502846419811249,2.6906018257141113,2.6906018257141113,Vanilla
706,0.014515617862343788,0.014515617862343788,2.74631929397583,2.74631929397583,Vanilla
707,0.010730743408203125,0.010730743408203125,2.9225335121154785,2.9225335121154785,Vanilla
708,0.012001046910881996,0.012001046910881996,3.2816641330718994,3.2816641330718994,Vanilla
709,0.010771403089165688,0.010771403089165688,3.443655252456665,3.443655252456665,Vanilla
710,0.013379045762121677,0.013379045762121677,3.313465118408203,3.313465118408203,Vanilla
711,0.012012094259262085,0.012012094259262085,3.428541898727417,3.428541898727417,Vanilla
712,0.01313967164605856,0.01313967164605856,3.417668581008911,3.417668581008911,Vanilla
713,0.013034488074481487,0.013034488074481487,3.6108875274658203,3.6108875274658203,Vanilla
714,1.345025897026062,1.345025897026062,,,Adversarial
715,0.06634950637817383,0.06634950637817383,2.364272356033325,2.364272356033325,Vanilla
716,0.008769297040998936,0.008769297040998936,2.749351978302002,2.749351978302002,Vanilla
717,0.011066028848290443,0.011066028848290443,2.8754920959472656,2.8754920959472656,Vanilla
718,0.011650758795440197,0.011650758795440197,3.1479272842407227,3.1479272842407227,Vanilla
719,0.010970684699714184,0.010970684699714184,3.025113821029663,3.025113821029663,Vanilla
720,0.013451543636620045,0.013451543636620045,3.2798843383789062,3.2798843383789062,Vanilla
721,0.011977205984294415,0.011977205984294415,3.229722738265991,3.229722738265991,Vanilla
722,0.013144399970769882,0.013144399970769882,3.5720551013946533,3.5720551013946533,Vanilla
723,0.014902998693287373,0.014902998693287373,3.5304529666900635,3.5304529666900635,Vanilla
724,0.011816417798399925,0.011816417798399925,3.536903142929077,3.536903142929077,Vanilla
725,1.3419384956359863,1.3419384956359863,,,Adversarial
726,0.06671294569969177,0.06671294569969177,2.457016706466675,2.457016706466675,Vanilla
727,0.007576835807412863,0.007576835807412863,2.6187286376953125,2.6187286376953125,Vanilla
728,0.015799928456544876,0.015799928456544876,2.982187271118164,2.982187271118164,Vanilla
729,0.009710228070616722,0.009710228070616722,2.9150822162628174,2.9150822162628174,Vanilla
730,0.013139025308191776,0.013139025308191776,3.1127781867980957,3.1127781867980957,Vanilla
731,0.013103707693517208,0.013103707693517208,3.2661540508270264,3.2661540508270264,Vanilla
732,0.011181327514350414,0.011181327514350414,3.351807117462158,3.351807117462158,Vanilla
733,0.01590900495648384,0.01590900495648384,3.387345552444458,3.387345552444458,Vanilla
734,0.011531881988048553,0.011531881988048553,3.5095555782318115,3.5095555782318115,Vanilla
735,0.00999915786087513,0.00999915786087513,3.531909704208374,3.531909704208374,Vanilla
736,1.3508172035217285,1.3508172035217285,,,Adversarial
737,0.07059302181005478,0.07059302181005478,2.3840174674987793,2.3840174674987793,Vanilla
738,0.00877176783978939,0.00877176783978939,2.7745420932769775,2.7745420932769775,Vanilla
739,0.009894106537103653,0.009894106537103653,2.8593692779541016,2.8593692779541016,Vanilla
740,0.014263787306845188,0.014263787306845188,3.3430628776550293,3.3430628776550293,Vanilla
741,0.011019759811460972,0.011019759811460972,3.1467177867889404,3.1467177867889404,Vanilla
742,0.013364476151764393,0.013364476151764393,3.198058605194092,3.198058605194092,Vanilla
743,0.01239877287298441,0.01239877287298441,3.306438684463501,3.306438684463501,Vanilla
744,0.013533028773963451,0.013533028773963451,3.3190436363220215,3.3190436363220215,Vanilla
745,0.0136409942060709,0.0136409942060709,3.6620020866394043,3.6620020866394043,Vanilla
746,0.012117465026676655,0.012117465026676655,3.4830164909362793,3.4830164909362793,Vanilla
747,1.330861210823059,1.330861210823059,,,Adversarial
748,0.06180192902684212,0.06180192902684212,2.3879520893096924,2.3879520893096924,Vanilla
749,0.009100757539272308,0.009100757539272308,2.7564220428466797,2.7564220428466797,Vanilla
750,0.011905071325600147,0.011905071325600147,2.9276626110076904,2.9276626110076904,Vanilla
751,0.009851333685219288,0.009851333685219288,3.0426764488220215,3.0426764488220215,Vanilla
752,0.012949706055223942,0.012949706055223942,3.281191825866699,3.281191825866699,Vanilla
753,0.012221717275679111,0.012221717275679111,3.2880194187164307,3.2880194187164307,Vanilla
754,0.01149842981249094,0.01149842981249094,3.2721078395843506,3.2721078395843506,Vanilla
755,0.01560455746948719,0.01560455746948719,3.250020980834961,3.250020980834961,Vanilla
756,0.011026335880160332,0.011026335880160332,3.353863477706909,3.353863477706909,Vanilla
757,0.01121007464826107,0.01121007464826107,3.475736141204834,3.475736141204834,Vanilla
758,1.3389109373092651,1.3389109373092651,,,Adversarial
759,0.06386619061231613,0.06386619061231613,2.4289064407348633,2.4289064407348633,Vanilla
760,0.009861884638667107,0.009861884638667107,2.5770602226257324,2.5770602226257324,Vanilla
761,0.009738842956721783,0.009738842956721783,2.97058367729187,2.97058367729187,Vanilla
762,0.013882594183087349,0.013882594183087349,3.164332628250122,3.164332628250122,Vanilla
763,0.013010510243475437,0.013010510243475437,3.4079651832580566,3.4079651832580566,Vanilla
764,0.011504263617098331,0.011504263617098331,3.271430015563965,3.271430015563965,Vanilla
765,0.01245725154876709,0.01245725154876709,3.337178945541382,3.337178945541382,Vanilla
766,0.009643101133406162,0.009643101133406162,3.487346887588501,3.487346887588501,Vanilla
767,0.011750674806535244,0.011750674806535244,3.627859354019165,3.627859354019165,Vanilla
768,0.01306176744401455,0.01306176744401455,3.561720132827759,3.561720132827759,Vanilla
769,1.328429937362671,1.328429937362671,,,Adversarial
770,0.06770981848239899,0.06770981848239899,2.468351364135742,2.468351364135742,Vanilla
771,0.00804856140166521,0.00804856140166521,2.760739803314209,2.760739803314209,Vanilla
772,0.01274125650525093,0.01274125650525093,3.0452914237976074,3.0452914237976074,Vanilla
773,0.012942188419401646,0.012942188419401646,3.2829785346984863,3.2829785346984863,Vanilla
774,0.013494238257408142,0.013494238257408142,3.364476442337036,3.364476442337036,Vanilla
775,0.012353891506791115,0.012353891506791115,3.460359573364258,3.460359573364258,Vanilla
776,0.012986243702471256,0.012986243702471256,3.8086957931518555,3.8086957931518555,Vanilla
777,0.012770814821124077,0.012770814821124077,3.4575226306915283,3.4575226306915283,Vanilla
778,0.012665892951190472,0.012665892951190472,3.522576332092285,3.522576332092285,Vanilla
779,0.010376589372754097,0.010376589372754097,3.9259815216064453,3.9259815216064453,Vanilla
780,1.334597110748291,1.334597110748291,,,Adversarial
781,0.06625662744045258,0.06625662744045258,2.3623390197753906,2.3623390197753906,Vanilla
782,0.007454598788172007,0.007454598788172007,2.6679420471191406,2.6679420471191406,Vanilla
783,0.01139127742499113,0.01139127742499113,2.992522716522217,2.992522716522217,Vanilla
784,0.010020488873124123,0.010020488873124123,3.0885026454925537,3.0885026454925537,Vanilla
785,0.012350278906524181,0.012350278906524181,3.1476032733917236,3.1476032733917236,Vanilla
786,0.011465850286185741,0.011465850286185741,3.189763307571411,3.189763307571411,Vanilla
787,0.010502803139388561,0.010502803139388561,3.420274496078491,3.420274496078491,Vanilla
788,0.013710598461329937,0.013710598461329937,3.531209707260132,3.531209707260132,Vanilla
789,0.013410815969109535,0.013410815969109535,3.4892895221710205,3.4892895221710205,Vanilla
790,0.010096138343214989,0.010096138343214989,3.571977376937866,3.571977376937866,Vanilla
791,1.331196904182434,1.331196904182434,,,Adversarial
792,0.06798657774925232,0.06798657774925232,2.5230660438537598,2.5230660438537598,Vanilla
793,0.008790361694991589,0.008790361694991589,2.97355318069458,2.97355318069458,Vanilla
794,0.015758000314235687,0.015758000314235687,3.164799213409424,3.164799213409424,Vanilla
795,0.010500878095626831,0.010500878095626831,3.1830391883850098,3.1830391883850098,Vanilla
796,0.011751248501241207,0.011751248501241207,3.358579158782959,3.358579158782959,Vanilla
797,0.010981793515384197,0.010981793515384197,3.5700831413269043,3.5700831413269043,Vanilla
798,0.013191549107432365,0.013191549107432365,3.6748979091644287,3.6748979091644287,Vanilla
799,0.01288173720240593,0.01288173720240593,3.6059625148773193,3.6059625148773193,Vanilla
800,0.010833235457539558,0.010833235457539558,3.582470655441284,3.582470655441284,Vanilla
801,0.01288987509906292,0.01288987509906292,3.694758176803589,3.694758176803589,Vanilla
802,1.3336418867111206,1.3336418867111206,,,Adversarial
803,0.07125205546617508,0.07125205546617508,2.545620918273926,2.545620918273926,Vanilla
804,0.008528800681233406,0.008528800681233406,2.8155009746551514,2.8155009746551514,Vanilla
805,0.010739095509052277,0.010739095509052277,3.04008412361145,3.04008412361145,Vanilla
806,0.011784698814153671,0.011784698814153671,3.0776917934417725,3.0776917934417725,Vanilla
807,0.010155731812119484,0.010155731812119484,3.3932127952575684,3.3932127952575684,Vanilla
808,0.0134929483756423,0.0134929483756423,3.4516215324401855,3.4516215324401855,Vanilla
809,0.012843726202845573,0.012843726202845573,3.505959987640381,3.505959987640381,Vanilla
810,0.011667672544717789,0.011667672544717789,3.40185809135437,3.40185809135437,Vanilla
811,0.010630978271365166,0.010630978271365166,3.675515651702881,3.675515651702881,Vanilla
812,0.011194553226232529,0.011194553226232529,3.442939281463623,3.442939281463623,Vanilla
813,1.3283747434616089,1.3283747434616089,,,Adversarial
814,0.06641680747270584,0.06641680747270584,2.5505900382995605,2.5505900382995605,Vanilla
815,0.00891892146319151,0.00891892146319151,3.0747170448303223,3.0747170448303223,Vanilla
816,0.013455714099109173,0.013455714099109173,2.9618313312530518,2.9618313312530518,Vanilla
817,0.012367057614028454,0.012367057614028454,3.3740575313568115,3.3740575313568115,Vanilla
818,0.011091422289609909,0.011091422289609909,3.3228020668029785,3.3228020668029785,Vanilla
819,0.012424750253558159,0.012424750253558159,3.3106517791748047,3.3106517791748047,Vanilla
820,0.013849487528204918,0.013849487528204918,3.3983922004699707,3.3983922004699707,Vanilla
821,0.010034617967903614,0.010034617967903614,3.5416646003723145,3.5416646003723145,Vanilla
822,0.01200711727142334,0.01200711727142334,3.5993854999542236,3.5993854999542236,Vanilla
823,0.011862646788358688,0.011862646788358688,3.9503681659698486,3.9503681659698486,Vanilla
824,1.3413242101669312,1.3413242101669312,,,Adversarial
825,0.06427962332963943,0.06427962332963943,2.426567316055298,2.426567316055298,Vanilla
826,0.007783527020365,0.007783527020365,2.7299232482910156,2.7299232482910156,Vanilla
827,0.012030547484755516,0.012030547484755516,3.0024771690368652,3.0024771690368652,Vanilla
828,0.012522168457508087,0.012522168457508087,3.1771278381347656,3.1771278381347656,Vanilla
829,0.010284538380801678,0.010284538380801678,3.086616039276123,3.086616039276123,Vanilla
830,0.011482324451208115,0.011482324451208115,3.421053647994995,3.421053647994995,Vanilla
831,0.011527971364557743,0.011527971364557743,3.4587743282318115,3.4587743282318115,Vanilla
832,0.009792223572731018,0.009792223572731018,3.783525228500366,3.783525228500366,Vanilla
833,0.014180468395352364,0.014180468395352364,3.550245523452759,3.550245523452759,Vanilla
834,0.013021562248468399,0.013021562248468399,3.737579822540283,3.737579822540283,Vanilla
835,1.3153769969940186,1.3153769969940186,,,Adversarial
836,0.06804870069026947,0.06804870069026947,2.7484025955200195,2.7484025955200195,Vanilla
837,0.009695526212453842,0.009695526212453842,2.7191810607910156,2.7191810607910156,Vanilla
838,0.009998498484492302,0.009998498484492302,3.0720841884613037,3.0720841884613037,Vanilla
839,0.009822571650147438,0.009822571650147438,3.048497438430786,3.048497438430786,Vanilla
840,0.011433926410973072,0.011433926410973072,3.5766727924346924,3.5766727924346924,Vanilla
841,0.010569066740572453,0.010569066740572453,3.5874335765838623,3.5874335765838623,Vanilla
842,0.011000585742294788,0.011000585742294788,3.5742194652557373,3.5742194652557373,Vanilla
843,0.013131133280694485,0.013131133280694485,3.9758989810943604,3.9758989810943604,Vanilla
844,0.013205553404986858,0.013205553404986858,3.4931328296661377,3.4931328296661377,Vanilla
845,0.011886753141880035,0.011886753141880035,3.6020774841308594,3.6020774841308594,Vanilla
846,1.314094066619873,1.314094066619873,,,Adversarial
847,0.061744168400764465,0.061744168400764465,2.621866226196289,2.621866226196289,Vanilla
848,0.008545937016606331,0.008545937016606331,2.9080312252044678,2.9080312252044678,Vanilla
849,0.010562887415289879,0.010562887415289879,3.0939576625823975,3.0939576625823975,Vanilla
850,0.010281267575919628,0.010281267575919628,3.383216619491577,3.383216619491577,Vanilla
851,0.010892791673541069,0.010892791673541069,3.2630085945129395,3.2630085945129395,Vanilla
852,0.012014730833470821,0.012014730833470821,3.316272020339966,3.316272020339966,Vanilla
853,0.009747161529958248,0.009747161529958248,3.4986555576324463,3.4986555576324463,Vanilla
854,0.012415405362844467,0.012415405362844467,3.617417573928833,3.617417573928833,Vanilla
855,0.011294362135231495,0.011294362135231495,3.747798442840576,3.747798442840576,Vanilla
856,0.011835990473628044,0.011835990473628044,3.6782379150390625,3.6782379150390625,Vanilla
857,1.3144845962524414,1.3144845962524414,,,Adversarial
858,0.06412839889526367,0.06412839889526367,2.6317827701568604,2.6317827701568604,Vanilla
859,0.009899633936583996,0.009899633936583996,2.677185535430908,2.677185535430908,Vanilla
860,0.01013716496527195,0.01013716496527195,3.0859413146972656,3.0859413146972656,Vanilla
861,0.010600137524306774,0.010600137524306774,3.3684258460998535,3.3684258460998535,Vanilla
862,0.011251616291701794,0.011251616291701794,3.369734048843384,3.369734048843384,Vanilla
863,0.012326948344707489,0.012326948344707489,3.4443767070770264,3.4443767070770264,Vanilla
864,0.009781803004443645,0.009781803004443645,3.8181989192962646,3.8181989192962646,Vanilla
865,0.013067123480141163,0.013067123480141163,3.7494218349456787,3.7494218349456787,Vanilla
866,0.01122672762721777,0.01122672762721777,3.8268706798553467,3.8268706798553467,Vanilla
867,0.013197191059589386,0.013197191059589386,3.8647260665893555,3.8647260665893555,Vanilla
868,1.309917688369751,1.309917688369751,,,Adversarial
869,0.06705428659915924,0.06705428659915924,2.7406773567199707,2.7406773567199707,Vanilla
870,0.0075920927338302135,0.0075920927338302135,2.9865615367889404,2.9865615367889404,Vanilla
871,0.010745859704911709,0.010745859704911709,3.173696517944336,3.173696517944336,Vanilla
872,0.010701119899749756,0.010701119899749756,3.4660327434539795,3.4660327434539795,Vanilla
873,0.012925119139254093,0.012925119139254093,3.2440848350524902,3.2440848350524902,Vanilla
874,0.01030981820076704,0.01030981820076704,3.490227222442627,3.490227222442627,Vanilla
875,0.012083341367542744,0.012083341367542744,3.53210186958313,3.53210186958313,Vanilla
876,0.013182181864976883,0.013182181864976883,3.6871283054351807,3.6871283054351807,Vanilla
877,0.012610011734068394,0.012610011734068394,3.8609046936035156,3.8609046936035156,Vanilla
878,0.011311160400509834,0.011311160400509834,3.8792412281036377,3.8792412281036377,Vanilla
879,1.3104817867279053,1.3104817867279053,,,Adversarial
880,0.06346696615219116,0.06346696615219116,2.5531930923461914,2.5531930923461914,Vanilla
881,0.00807476881891489,0.00807476881891489,2.9263272285461426,2.9263272285461426,Vanilla
882,0.009238076396286488,0.009238076396286488,2.9261839389801025,2.9261839389801025,Vanilla
883,0.010631981305778027,0.010631981305778027,3.0730650424957275,3.0730650424957275,Vanilla
884,0.011404337361454964,0.011404337361454964,3.343534469604492,3.343534469604492,Vanilla
885,0.012000001966953278,0.012000001966953278,3.475947380065918,3.475947380065918,Vanilla
886,0.010331369936466217,0.010331369936466217,3.546252489089966,3.546252489089966,Vanilla
887,0.014075243845582008,0.014075243845582008,3.5569756031036377,3.5569756031036377,Vanilla
888,0.01161162555217743,0.01161162555217743,3.485264778137207,3.485264778137207,Vanilla
889,0.013358655385673046,0.013358655385673046,3.685889959335327,3.685889959335327,Vanilla
890,1.3110765218734741,1.3110765218734741,,,Adversarial
891,0.0673004537820816,0.0673004537820816,2.7136757373809814,2.7136757373809814,Vanilla
892,0.010441026650369167,0.010441026650369167,2.911546468734741,2.911546468734741,Vanilla
893,0.009704243391752243,0.009704243391752243,3.1833322048187256,3.1833322048187256,Vanilla
894,0.011681442148983479,0.011681442148983479,3.3990843296051025,3.3990843296051025,Vanilla
895,0.009521420113742352,0.009521420113742352,3.458906412124634,3.458906412124634,Vanilla
896,0.013704540207982063,0.013704540207982063,3.431184768676758,3.431184768676758,Vanilla
897,0.010325414128601551,0.010325414128601551,3.689225435256958,3.689225435256958,Vanilla
898,0.009279848076403141,0.009279848076403141,3.8735876083374023,3.8735876083374023,Vanilla
899,0.010747420601546764,0.010747420601546764,4.000604629516602,4.000604629516602,Vanilla
900,0.012475010007619858,0.012475010007619858,4.068521022796631,4.068521022796631,Vanilla
901,1.3116488456726074,1.3116488456726074,,,Adversarial
902,0.0752933919429779,0.0752933919429779,2.820084571838379,2.820084571838379,Vanilla
903,0.008807185105979443,0.008807185105979443,3.052612543106079,3.052612543106079,Vanilla
904,0.012054868042469025,0.012054868042469025,3.3268206119537354,3.3268206119537354,Vanilla
905,0.010805786587297916,0.010805786587297916,3.458125591278076,3.458125591278076,Vanilla
906,0.011400362476706505,0.011400362476706505,3.6240832805633545,3.6240832805633545,Vanilla
907,0.01399528980255127,0.01399528980255127,3.438920736312866,3.438920736312866,Vanilla
908,0.011249530129134655,0.011249530129134655,3.401278257369995,3.401278257369995,Vanilla
909,0.011504235677421093,0.011504235677421093,3.787863254547119,3.787863254547119,Vanilla
910,0.009683897718787193,0.009683897718787193,3.815717935562134,3.815717935562134,Vanilla
911,0.012259665876626968,0.012259665876626968,3.9396300315856934,3.9396300315856934,Vanilla
912,1.3279290199279785,1.3279290199279785,,,Adversarial
913,0.07149074226617813,0.07149074226617813,2.686589479446411,2.686589479446411,Vanilla
914,0.009049108251929283,0.009049108251929283,2.914337635040283,2.914337635040283,Vanilla
915,0.008798482827842236,0.008798482827842236,3.0917701721191406,3.0917701721191406,Vanilla
916,0.012894275598227978,0.012894275598227978,3.429945707321167,3.429945707321167,Vanilla
917,0.010989497415721416,0.010989497415721416,3.540318489074707,3.540318489074707,Vanilla
918,0.009446845389902592,0.009446845389902592,3.4622697830200195,3.4622697830200195,Vanilla
919,0.01248573511838913,0.01248573511838913,3.518284797668457,3.518284797668457,Vanilla
920,0.012983242981135845,0.012983242981135845,3.4534618854522705,3.4534618854522705,Vanilla
921,0.009031333029270172,0.009031333029270172,3.826934337615967,3.826934337615967,Vanilla
922,0.012950656935572624,0.012950656935572624,3.882230281829834,3.882230281829834,Vanilla
923,1.3270618915557861,1.3270618915557861,,,Adversarial
924,0.06930402666330338,0.06930402666330338,2.707266092300415,2.707266092300415,Vanilla
925,0.006841926369816065,0.006841926369816065,3.0154008865356445,3.0154008865356445,Vanilla
926,0.008450986817479134,0.008450986817479134,3.2200372219085693,3.2200372219085693,Vanilla
927,0.008474305272102356,0.008474305272102356,3.373072385787964,3.373072385787964,Vanilla
928,0.011488214135169983,0.011488214135169983,3.4821174144744873,3.4821174144744873,Vanilla
929,0.009384773671627045,0.009384773671627045,3.5537028312683105,3.5537028312683105,Vanilla
930,0.012548089027404785,0.012548089027404785,3.8970727920532227,3.8970727920532227,Vanilla
931,0.01210517156869173,0.01210517156869173,3.780839681625366,3.780839681625366,Vanilla
932,0.011789399199187756,0.011789399199187756,3.7279694080352783,3.7279694080352783,Vanilla
933,0.00998972449451685,0.00998972449451685,3.8993756771087646,3.8993756771087646,Vanilla
934,1.310807466506958,1.310807466506958,,,Adversarial
935,0.06906735152006149,0.06906735152006149,2.68062686920166,2.68062686920166,Vanilla
936,0.006417636293917894,0.006417636293917894,3.363156795501709,3.363156795501709,Vanilla
937,0.011043253354728222,0.011043253354728222,3.1509416103363037,3.1509416103363037,Vanilla
938,0.012643923051655293,0.012643923051655293,3.0829410552978516,3.0829410552978516,Vanilla
939,0.009655565954744816,0.009655565954744816,3.4914824962615967,3.4914824962615967,Vanilla
940,0.0098976269364357,0.0098976269364357,3.524484395980835,3.524484395980835,Vanilla
941,0.01150590181350708,0.01150590181350708,3.721926212310791,3.721926212310791,Vanilla
942,0.009388633072376251,0.009388633072376251,3.741947650909424,3.741947650909424,Vanilla
943,0.01564893126487732,0.01564893126487732,3.606595277786255,3.606595277786255,Vanilla
944,0.009167124517261982,0.009167124517261982,3.916585683822632,3.916585683822632,Vanilla
945,1.3186466693878174,1.3186466693878174,,,Adversarial
946,0.06836523115634918,0.06836523115634918,2.4801883697509766,2.4801883697509766,Vanilla
947,0.009001928381621838,0.009001928381621838,3.0386149883270264,3.0386149883270264,Vanilla
948,0.007910691201686859,0.007910691201686859,3.1480629444122314,3.1480629444122314,Vanilla
949,0.012907068245112896,0.012907068245112896,3.3208634853363037,3.3208634853363037,Vanilla
950,0.010330862365663052,0.010330862365663052,3.3560869693756104,3.3560869693756104,Vanilla
951,0.010740693658590317,0.010740693658590317,3.5169427394866943,3.5169427394866943,Vanilla
952,0.01089234184473753,0.01089234184473753,3.635173797607422,3.635173797607422,Vanilla
953,0.012267602607607841,0.012267602607607841,3.820107936859131,3.820107936859131,Vanilla
954,0.0095238471403718,0.0095238471403718,3.873589515686035,3.873589515686035,Vanilla
955,0.011981514282524586,0.011981514282524586,3.8223893642425537,3.8223893642425537,Vanilla
956,1.3451204299926758,1.3451204299926758,,,Adversarial
957,0.07553433626890182,0.07553433626890182,2.46071457862854,2.46071457862854,Vanilla
958,0.009075474925339222,0.009075474925339222,2.7048933506011963,2.7048933506011963,Vanilla
959,0.012629016302525997,0.012629016302525997,2.962100028991699,2.962100028991699,Vanilla
960,0.010639139451086521,0.010639139451086521,3.4095678329467773,3.4095678329467773,Vanilla
961,0.011104927398264408,0.011104927398264408,3.416919469833374,3.416919469833374,Vanilla
962,0.009451258927583694,0.009451258927583694,3.4671173095703125,3.4671173095703125,Vanilla
963,0.012111377902328968,0.012111377902328968,3.4893884658813477,3.4893884658813477,Vanilla
964,0.009408882819116116,0.009408882819116116,3.745187282562256,3.745187282562256,Vanilla
965,0.012378218583762646,0.012378218583762646,3.8717029094696045,3.8717029094696045,Vanilla
966,0.01239705178886652,0.01239705178886652,3.661773204803467,3.661773204803467,Vanilla
967,1.2990684509277344,1.2990684509277344,,,Adversarial
968,0.06437133252620697,0.06437133252620697,2.7274270057678223,2.7274270057678223,Vanilla
969,0.008284028619527817,0.008284028619527817,2.919736385345459,2.919736385345459,Vanilla
970,0.012234799563884735,0.012234799563884735,3.199563503265381,3.199563503265381,Vanilla
971,0.008879485540091991,0.008879485540091991,3.326420783996582,3.326420783996582,Vanilla
972,0.008408415131270885,0.008408415131270885,3.4811506271362305,3.4811506271362305,Vanilla
973,0.010441211052238941,0.010441211052238941,3.570375442504883,3.570375442504883,Vanilla
974,0.013092540204524994,0.013092540204524994,3.5241522789001465,3.5241522789001465,Vanilla
975,0.009516242891550064,0.009516242891550064,3.5884387493133545,3.5884387493133545,Vanilla
976,0.011197147890925407,0.011197147890925407,3.774665355682373,3.774665355682373,Vanilla
977,0.010233755223453045,0.010233755223453045,3.9762890338897705,3.9762890338897705,Vanilla
978,1.3080049753189087,1.3080049753189087,,,Adversarial
979,0.06204909086227417,0.06204909086227417,2.625063180923462,2.625063180923462,Vanilla
980,0.008869057521224022,0.008869057521224022,3.128697156906128,3.128697156906128,Vanilla
981,0.011328941211104393,0.011328941211104393,3.3148632049560547,3.3148632049560547,Vanilla
982,0.008439783938229084,0.008439783938229084,3.3814618587493896,3.3814618587493896,Vanilla
983,0.012334637343883514,0.012334637343883514,3.4806604385375977,3.4806604385375977,Vanilla
984,0.010136286728084087,0.010136286728084087,3.7675163745880127,3.7675163745880127,Vanilla
985,0.009631616063416004,0.009631616063416004,3.4070465564727783,3.4070465564727783,Vanilla
986,0.012428455986082554,0.012428455986082554,3.743746519088745,3.743746519088745,Vanilla
987,0.010454611852765083,0.010454611852765083,3.786367893218994,3.786367893218994,Vanilla
988,0.012995533645153046,0.012995533645153046,3.6973657608032227,3.6973657608032227,Vanilla
989,1.316881537437439,1.316881537437439,,,Adversarial
990,0.06794504076242447,0.06794504076242447,2.522040843963623,2.522040843963623,Vanilla
991,0.008176565170288086,0.008176565170288086,3.1746349334716797,3.1746349334716797,Vanilla
992,0.009734357707202435,0.009734357707202435,3.4092254638671875,3.4092254638671875,Vanilla
993,0.008539306931197643,0.008539306931197643,3.331549644470215,3.331549644470215,Vanilla
994,0.012590189464390278,0.012590189464390278,3.451889753341675,3.451889753341675,Vanilla
995,0.010122218169271946,0.010122218169271946,3.524195432662964,3.524195432662964,Vanilla
996,0.01131210196763277,0.01131210196763277,3.7136104106903076,3.7136104106903076,Vanilla
997,0.010275050066411495,0.010275050066411495,3.822124719619751,3.822124719619751,Vanilla
998,0.010271275416016579,0.010271275416016579,3.681715250015259,3.681715250015259,Vanilla
999,0.009931308217346668,0.009931308217346668,3.656609058380127,3.656609058380127,Vanilla
1000,1.3308292627334595,1.3308292627334595,,,Adversarial
1001,0.062003497034311295,0.062003497034311295,2.527583360671997,2.527583360671997,Vanilla
1002,0.009006325155496597,0.009006325155496597,2.880554676055908,2.880554676055908,Vanilla
1003,0.01051517203450203,0.01051517203450203,3.0715057849884033,3.0715057849884033,Vanilla
1004,0.01205125730484724,0.01205125730484724,3.0981714725494385,3.0981714725494385,Vanilla
1005,0.007544484455138445,0.007544484455138445,3.457368850708008,3.457368850708008,Vanilla
1006,0.013262876309454441,0.013262876309454441,3.4902026653289795,3.4902026653289795,Vanilla
1007,0.010248405858874321,0.010248405858874321,3.272331714630127,3.272331714630127,Vanilla
1008,0.00882234238088131,0.00882234238088131,3.55771803855896,3.55771803855896,Vanilla
1009,0.012935186736285686,0.012935186736285686,4.000424385070801,4.000424385070801,Vanilla
1010,0.011406932957470417,0.011406932957470417,3.997814893722534,3.997814893722534,Vanilla
1011,1.3185175657272339,1.3185175657272339,,,Adversarial
1012,0.058713752776384354,0.058713752776384354,2.5354576110839844,2.5354576110839844,Vanilla
1013,0.00774766830727458,0.00774766830727458,3.1602180004119873,3.1602180004119873,Vanilla
1014,0.009755020029842854,0.009755020029842854,3.085744619369507,3.085744619369507,Vanilla
1015,0.010202242061495781,0.010202242061495781,3.4107208251953125,3.4107208251953125,Vanilla
1016,0.010465165600180626,0.010465165600180626,3.306971549987793,3.306971549987793,Vanilla
1017,0.010251111350953579,0.010251111350953579,3.502246856689453,3.502246856689453,Vanilla
1018,0.010033591650426388,0.010033591650426388,3.4297001361846924,3.4297001361846924,Vanilla
1019,0.010214922949671745,0.010214922949671745,3.8257665634155273,3.8257665634155273,Vanilla
1020,0.010826514102518559,0.010826514102518559,3.7945520877838135,3.7945520877838135,Vanilla
1021,0.010315803810954094,0.010315803810954094,3.8313539028167725,3.8313539028167725,Vanilla
1022,1.314723014831543,1.314723014831543,,,Adversarial
1023,0.06374488025903702,0.06374488025903702,2.7318055629730225,2.7318055629730225,Vanilla
1024,0.0074644023552536964,0.0074644023552536964,3.0558533668518066,3.0558533668518066,Vanilla
1025,0.011251420713961124,0.011251420713961124,3.1049702167510986,3.1049702167510986,Vanilla
1026,0.008178646676242352,0.008178646676242352,3.5969414710998535,3.5969414710998535,Vanilla
1027,0.009555733762681484,0.009555733762681484,3.8110411167144775,3.8110411167144775,Vanilla
1028,0.01097230426967144,0.01097230426967144,3.591933012008667,3.591933012008667,Vanilla
1029,0.009888950735330582,0.009888950735330582,3.843156099319458,3.843156099319458,Vanilla
1030,0.010494762100279331,0.010494762100279331,3.8260064125061035,3.8260064125061035,Vanilla
1031,0.01227670069783926,0.01227670069783926,3.708940267562866,3.708940267562866,Vanilla
1032,0.010240920819342136,0.010240920819342136,3.9554121494293213,3.9554121494293213,Vanilla
1033,1.3078958988189697,1.3078958988189697,,,Adversarial
1034,0.05990545451641083,0.05990545451641083,2.897923707962036,2.897923707962036,Vanilla
1035,0.0095894243568182,0.0095894243568182,2.932904005050659,2.932904005050659,Vanilla
1036,0.011431057006120682,0.011431057006120682,3.0391805171966553,3.0391805171966553,Vanilla
1037,0.007610356900840998,0.007610356900840998,3.392296075820923,3.392296075820923,Vanilla
1038,0.011687817052006721,0.011687817052006721,3.577556610107422,3.577556610107422,Vanilla
1039,0.010740174911916256,0.010740174911916256,3.729499340057373,3.729499340057373,Vanilla
1040,0.010413724929094315,0.010413724929094315,3.5486481189727783,3.5486481189727783,Vanilla
1041,0.00923706404864788,0.00923706404864788,3.8134984970092773,3.8134984970092773,Vanilla
1042,0.011438272893428802,0.011438272893428802,3.658362865447998,3.658362865447998,Vanilla
1043,0.01077212207019329,0.01077212207019329,3.738579273223877,3.738579273223877,Vanilla
1044,1.2952646017074585,1.2952646017074585,,,Adversarial
1045,0.06167265400290489,0.06167265400290489,2.605217695236206,2.605217695236206,Vanilla
1046,0.00626505957916379,0.00626505957916379,3.218216896057129,3.218216896057129,Vanilla
1047,0.008450736291706562,0.008450736291706562,3.512714147567749,3.512714147567749,Vanilla
1048,0.013257574290037155,0.013257574290037155,3.323498487472534,3.323498487472534,Vanilla
1049,0.00811326876282692,0.00811326876282692,3.291729211807251,3.291729211807251,Vanilla
1050,0.009920001029968262,0.009920001029968262,3.706434965133667,3.706434965133667,Vanilla
1051,0.01170057151466608,0.01170057151466608,3.9441285133361816,3.9441285133361816,Vanilla
1052,0.01208464615046978,0.01208464615046978,3.999016761779785,3.999016761779785,Vanilla
1053,0.011098028160631657,0.011098028160631657,3.857929229736328,3.857929229736328,Vanilla
1054,0.01160468626767397,0.01160468626767397,3.9433343410491943,3.9433343410491943,Vanilla
1055,1.300624132156372,1.300624132156372,,,Adversarial
1056,0.06442290544509888,0.06442290544509888,2.8497824668884277,2.8497824668884277,Vanilla
1057,0.009912179782986641,0.009912179782986641,2.9370083808898926,2.9370083808898926,Vanilla
1058,0.00892906915396452,0.00892906915396452,3.3045012950897217,3.3045012950897217,Vanilla
1059,0.01182545442134142,0.01182545442134142,3.3024303913116455,3.3024303913116455,Vanilla
1060,0.009425596334040165,0.009425596334040165,3.700352668762207,3.700352668762207,Vanilla
1061,0.011390859261155128,0.011390859261155128,3.4604692459106445,3.4604692459106445,Vanilla
1062,0.01146004069596529,0.01146004069596529,3.707481861114502,3.707481861114502,Vanilla
1063,0.011491137556731701,0.011491137556731701,3.5331127643585205,3.5331127643585205,Vanilla
1064,0.010155362077057362,0.010155362077057362,3.6872503757476807,3.6872503757476807,Vanilla
1065,0.010242641903460026,0.010242641903460026,3.862621545791626,3.862621545791626,Vanilla
1066,1.2906484603881836,1.2906484603881836,,,Adversarial
1067,0.06720150262117386,0.06720150262117386,2.882683277130127,2.882683277130127,Vanilla
1068,0.006986657157540321,0.006986657157540321,3.121532678604126,3.121532678604126,Vanilla
1069,0.011038600467145443,0.011038600467145443,3.291234254837036,3.291234254837036,Vanilla
1070,0.014236465096473694,0.014236465096473694,3.374631404876709,3.374631404876709,Vanilla
1071,0.009000267833471298,0.009000267833471298,3.5980982780456543,3.5980982780456543,Vanilla
1072,0.010217007249593735,0.010217007249593735,3.780066967010498,3.780066967010498,Vanilla
1073,0.009639108553528786,0.009639108553528786,3.477675676345825,3.477675676345825,Vanilla
1074,0.013022729195654392,0.013022729195654392,3.908384323120117,3.908384323120117,Vanilla
1075,0.009224769659340382,0.009224769659340382,3.7334868907928467,3.7334868907928467,Vanilla
1076,0.011502919718623161,0.011502919718623161,3.9907147884368896,3.9907147884368896,Vanilla
1077,1.28180992603302,1.28180992603302,,,Adversarial
1078,0.06418538093566895,0.06418538093566895,2.8768310546875,2.8768310546875,Vanilla
1079,0.009578350931406021,0.009578350931406021,3.245107650756836,3.245107650756836,Vanilla
1080,0.010251366533339024,0.010251366533339024,3.2447853088378906,3.2447853088378906,Vanilla
1081,0.007891190238296986,0.007891190238296986,3.7876110076904297,3.7876110076904297,Vanilla
1082,0.014086701907217503,0.014086701907217503,3.41523814201355,3.41523814201355,Vanilla
1083,0.01052767038345337,0.01052767038345337,3.530085325241089,3.530085325241089,Vanilla
1084,0.010019931942224503,0.010019931942224503,3.4977729320526123,3.4977729320526123,Vanilla
1085,0.012842589057981968,0.012842589057981968,3.7913432121276855,3.7913432121276855,Vanilla
1086,0.013384937308728695,0.013384937308728695,3.9147682189941406,3.9147682189941406,Vanilla
1087,0.00940902903676033,0.00940902903676033,3.972987174987793,3.972987174987793,Vanilla
1088,1.3006902933120728,1.3006902933120728,,,Adversarial
